Filename,Original Contigs,After Filtering,After CD-HIT,GC %,Avg Length,Status
GCA_027339055.1_ASM2733905v1_genomic.fna,38,25,25,46.94,21680.1,KEPT
GCA_027340425.1_ASM2734042v1_genomic.fna,42,26,26,43.09,25630.9,KEPT
GCA_027340645.1_ASM2734064v1_genomic.fna,113,103,103,43.78,6208.4,KEPT
GCA_027339745.1_ASM2733974v1_genomic.fna,54,22,22,60.85,33601.2,KEPT
GCA_027338585.1_ASM2733858v1_genomic.fna,109,65,65,34.98,12451.7,KEPT
GCA_027341315.1_ASM2734131v1_genomic.fna,65,56,56,34.32,10299.4,KEPT
GCA_027342585.1_ASM2734258v1_genomic.fna,63,17,17,46.17,48331.1,KEPT
GCA_027340785.1_ASM2734078v1_genomic.fna,74,38,38,30.87,24000.8,KEPT
GCA_027342905.1_ASM2734290v1_genomic.fna,29,11,11,53.51,69207.0,KEPT
GCA_027343005.1_ASM2734300v1_genomic.fna,23,3,3,0.00,0.0,DELETED (too few contigs)
GCA_027343065.1_ASM2734306v1_genomic.fna,117,75,75,46.16,11786.9,KEPT
GCA_027343305.1_ASM2734330v1_genomic.fna,30,20,20,38.90,43073.1,KEPT
GCA_027341725.1_ASM2734172v1_genomic.fna,113,59,59,67.28,27305.0,KEPT
GCA_027343705.1_ASM2734370v1_genomic.fna,62,30,30,36.27,20097.0,KEPT
GCA_027343665.1_ASM2734366v1_genomic.fna,11,5,5,0.00,0.0,DELETED (too few contigs)
GCA_027342645.1_ASM2734264v1_genomic.fna,181,97,97,70.16,16540.4,KEPT
GCA_027346555.1_ASM2734655v1_genomic.fna,294,292,292,52.24,3888.4,KEPT
GCA_027346415.1_ASM2734641v1_genomic.fna,226,221,221,57.08,5245.0,KEPT
GCA_027347505.1_ASM2734750v1_genomic.fna,151,145,145,41.15,9127.2,KEPT
GCA_027344325.1_ASM2734432v1_genomic.fna,158,98,98,36.67,16245.4,KEPT
GCA_027348755.1_ASM2734875v1_genomic.fna,109,103,103,37.25,4971.2,KEPT
GCA_027350045.1_ASM2735004v1_genomic.fna,619,600,600,54.03,2765.8,KEPT
GCA_027348265.1_ASM2734826v1_genomic.fna,86,65,65,58.64,19809.6,KEPT
GCA_027340745.1_ASM2734074v1_genomic.fna,197,72,72,51.60,31336.2,KEPT
GCA_027351495.1_ASM2735149v1_genomic.fna,67,40,40,51.26,17406.8,KEPT
GCA_027351715.1_ASM2735171v1_genomic.fna,132,119,119,35.41,4910.6,KEPT
GCA_027347435.1_ASM2734743v1_genomic.fna,89,56,56,43.35,29465.8,KEPT
GCA_027351745.1_ASM2735174v1_genomic.fna,103,93,93,35.29,8572.7,KEPT
GCA_027351785.1_ASM2735178v1_genomic.fna,140,125,125,35.22,6328.5,KEPT
GCA_027351845.1_ASM2735184v1_genomic.fna,59,21,21,28.23,32214.4,KEPT
GCA_027351885.1_ASM2735188v1_genomic.fna,91,84,84,37.52,9575.7,KEPT
GCA_027351865.1_ASM2735186v1_genomic.fna,93,60,60,28.52,12615.0,KEPT
GCA_027351665.1_ASM2735166v1_genomic.fna,89,73,73,35.43,15302.5,KEPT
GCA_027353685.1_ASM2735368v1_genomic.fna,59,48,48,35.93,16752.8,KEPT
GCA_027353885.1_ASM2735388v1_genomic.fna,61,48,48,46.57,13843.1,KEPT
GCA_027353625.1_ASM2735362v1_genomic.fna,38,19,19,39.21,41765.1,KEPT
GCA_027353845.1_ASM2735384v1_genomic.fna,40,22,22,29.36,34026.1,KEPT
GCA_027353945.1_ASM2735394v1_genomic.fna,141,129,129,57.73,5923.4,KEPT
GCA_027354225.1_ASM2735422v1_genomic.fna,80,35,35,49.45,16272.2,KEPT
GCA_027354325.1_ASM2735432v1_genomic.fna,67,40,40,50.18,16304.4,KEPT
GCA_027354345.1_ASM2735434v1_genomic.fna,72,48,48,44.21,14182.9,KEPT
GCA_027354455.1_ASM2735445v1_genomic.fna,48,33,33,37.70,25174.8,KEPT
GCA_027354545.1_ASM2735454v1_genomic.fna,67,36,36,37.38,23339.4,KEPT
GCA_027354775.1_ASM2735477v1_genomic.fna,65,62,62,41.50,14659.5,KEPT
GCA_027355015.1_ASM2735501v1_genomic.fna,41,37,37,41.38,24479.5,KEPT
GCA_027356405.1_ASM2735640v1_genomic.fna,468,461,461,39.32,2122.2,KEPT
GCA_027355345.1_ASM2735534v1_genomic.fna,116,89,89,46.32,9100.1,KEPT
GCA_027355455.1_ASM2735545v1_genomic.fna,100,76,76,45.82,11185.8,KEPT
GCA_027357005.1_ASM2735700v1_genomic.fna,34,24,24,36.36,28774.5,KEPT
GCA_027356965.1_ASM2735696v1_genomic.fna,66,36,36,29.22,23921.0,KEPT
GCA_027357365.1_ASM2735736v1_genomic.fna,348,246,246,28.07,3310.0,KEPT
GCA_027357665.1_ASM2735766v1_genomic.fna,21,3,0,0.00,0.0,FAILED (CD-HIT)
GCA_027356865.1_ASM2735686v1_genomic.fna,96,40,40,61.72,29626.8,KEPT
GCA_027357825.1_ASM2735782v1_genomic.fna,24,10,10,35.33,87325.7,KEPT
GCA_027362955.1_ASM2736295v1_genomic.fna,102,101,101,47.47,5270.4,KEPT
GCA_027356945.1_ASM2735694v1_genomic.fna,78,55,55,47.58,26613.6,KEPT
GCA_027362965.1_ASM2736296v1_genomic.fna,41,39,39,47.24,21972.3,KEPT
GCA_027362985.1_ASM2736298v1_genomic.fna,48,32,32,46.84,31906.1,KEPT
GCA_027358005.1_ASM2735800v1_genomic.fna,91,61,61,37.44,22618.7,KEPT
GCA_027363005.1_ASM2736300v1_genomic.fna,70,39,39,42.50,26465.5,KEPT
GCA_027363155.1_ASM2736315v1_genomic.fna,72,40,40,43.14,21178.8,KEPT
GCA_027357025.1_ASM2735702v1_genomic.fna,47,22,22,67.26,68684.7,KEPT
GCA_027363195.1_ASM2736319v1_genomic.fna,83,73,73,43.66,11717.7,KEPT
GCA_027363215.1_ASM2736321v1_genomic.fna,49,28,28,43.28,28696.9,KEPT
GCA_027363475.1_ASM2736347v1_genomic.fna,45,35,35,47.21,25137.5,KEPT
GCA_027363285.1_ASM2736328v1_genomic.fna,39,23,23,43.15,37722.3,KEPT
GCA_027363255.1_ASM2736325v1_genomic.fna,53,37,37,43.29,24121.5,KEPT
GCA_027363925.1_ASM2736392v1_genomic.fna,105,91,91,53.30,6470.9,KEPT
GCA_027363495.1_ASM2736349v1_genomic.fna,40,28,28,47.14,31421.5,KEPT
GCA_027364255.1_ASM2736425v1_genomic.fna,96,79,79,51.94,11607.7,KEPT
GCA_027364995.1_ASM2736499v1_genomic.fna,146,110,110,43.41,6534.4,KEPT
GCA_027364975.1_ASM2736497v1_genomic.fna,25,20,20,39.54,45881.8,KEPT
GCA_027365215.1_ASM2736521v1_genomic.fna,79,72,72,53.34,7890.2,KEPT
GCA_027364515.1_ASM2736451v1_genomic.fna,180,170,170,51.41,8668.9,KEPT
GCA_027366465.1_ASM2736646v1_genomic.fna,18,12,12,38.94,61487.9,KEPT
GCA_027365295.1_ASM2736529v1_genomic.fna,51,37,37,41.55,23482.6,KEPT
GCA_027366495.1_ASM2736649v1_genomic.fna,54,31,31,39.43,28656.5,KEPT
GCA_027364455.1_ASM2736445v1_genomic.fna,73,58,58,51.45,27557.2,KEPT
GCA_027366835.1_ASM2736683v1_genomic.fna,160,116,116,37.89,13996.3,KEPT
GCA_027367035.1_ASM2736703v1_genomic.fna,223,198,198,37.28,9782.5,KEPT
GCA_027366995.1_ASM2736699v1_genomic.fna,140,97,97,37.43,19320.2,KEPT
GCA_027367055.1_ASM2736705v1_genomic.fna,138,83,83,37.28,21109.0,KEPT
GCA_027367495.1_ASM2736749v1_genomic.fna,234,234,234,41.87,3509.5,KEPT
GCA_027367455.1_ASM2736745v1_genomic.fna,211,201,201,42.05,4297.2,KEPT
GCA_027367445.1_ASM2736744v1_genomic.fna,141,129,129,41.67,8904.2,KEPT
GCA_027367505.1_ASM2736750v1_genomic.fna,282,271,271,41.46,4888.9,KEPT
GCA_027367735.1_ASM2736773v1_genomic.fna,164,106,106,41.95,11117.0,KEPT
GCA_027368025.1_ASM2736802v1_genomic.fna,308,144,144,45.99,8142.9,KEPT
GCA_027367875.1_ASM2736787v1_genomic.fna,88,46,46,41.81,29582.0,KEPT
GCA_027368735.1_ASM2736873v1_genomic.fna,76,57,57,44.65,12567.6,KEPT
GCA_027367885.1_ASM2736788v1_genomic.fna,58,49,49,41.44,29302.6,KEPT
GCA_027368745.1_ASM2736874v1_genomic.fna,143,69,69,44.21,20225.5,KEPT
GCA_027368785.1_ASM2736878v1_genomic.fna,343,189,189,44.59,8554.9,KEPT
GCA_027368935.1_ASM2736893v1_genomic.fna,85,71,71,44.70,19555.9,KEPT
GCA_027368955.1_ASM2736895v1_genomic.fna,96,81,81,45.26,7924.6,KEPT
GCA_027367175.1_ASM2736717v1_genomic.fna,16,8,8,0.00,0.0,DELETED (too few contigs)
GCA_027369015.1_ASM2736901v1_genomic.fna,125,114,114,44.63,10855.8,KEPT
GCA_027368945.1_ASM2736894v1_genomic.fna,168,88,88,44.53,17322.4,KEPT
GCA_027369035.1_ASM2736903v1_genomic.fna,75,65,65,44.88,20757.1,KEPT
GCA_027369155.1_ASM2736915v1_genomic.fna,258,235,235,43.81,5237.7,KEPT
GCA_027369085.1_ASM2736908v1_genomic.fna,63,50,50,44.84,27410.6,KEPT
GCA_027369375.1_ASM2736937v1_genomic.fna,263,247,247,50.14,6100.3,KEPT
GCA_027369355.1_ASM2736935v1_genomic.fna,107,74,74,50.39,18541.7,KEPT
GCA_027369285.1_ASM2736928v1_genomic.fna,268,178,178,50.58,9504.9,KEPT
GCA_027369555.1_ASM2736955v1_genomic.fna,132,121,121,33.92,6598.9,KEPT
GCA_027369675.1_ASM2736967v1_genomic.fna,41,17,17,39.62,39976.1,KEPT
GCA_027369585.1_ASM2736958v1_genomic.fna,99,49,49,33.28,15950.4,KEPT
GCA_027369475.1_ASM2736947v1_genomic.fna,211,86,86,34.62,15311.6,KEPT
GCA_027369815.1_ASM2736981v1_genomic.fna,46,42,42,39.97,14065.3,KEPT
GCA_027369775.1_ASM2736977v1_genomic.fna,25,19,19,38.88,30279.7,KEPT
GCA_027369705.1_ASM2736970v1_genomic.fna,54,17,17,39.39,44307.9,KEPT
GCA_027369975.1_ASM2736997v1_genomic.fna,115,107,107,33.15,5780.0,KEPT
GCA_027369995.1_ASM2736999v1_genomic.fna,154,143,143,32.87,5048.2,KEPT
GCA_027369925.1_ASM2736992v1_genomic.fna,50,29,29,32.75,25171.7,KEPT
GCA_027370055.1_ASM2737005v1_genomic.fna,63,53,53,36.51,10727.4,KEPT
GCA_027370025.1_ASM2737002v1_genomic.fna,46,27,27,32.63,27653.4,KEPT
GCA_027370095.1_ASM2737009v1_genomic.fna,43,26,26,41.99,25102.4,KEPT
GCA_027370105.1_ASM2737010v1_genomic.fna,55,47,47,42.16,13524.7,KEPT
GCA_027370245.1_ASM2737024v1_genomic.fna,45,37,37,41.77,15950.7,KEPT
GCA_027370335.1_ASM2737033v1_genomic.fna,49,24,24,41.73,24596.8,KEPT
GCA_027369535.1_ASM2736953v1_genomic.fna,331,200,200,33.92,9290.9,KEPT
GCA_027370385.1_ASM2737038v1_genomic.fna,74,59,59,38.75,13707.3,KEPT
GCA_027370345.1_ASM2737034v1_genomic.fna,39,20,20,39.13,43181.4,KEPT
GCA_027370475.1_ASM2737047v1_genomic.fna,42,34,34,39.68,18498.4,KEPT
GCA_027370375.1_ASM2737037v1_genomic.fna,41,26,26,39.08,34022.9,KEPT
GCA_027370625.1_ASM2737062v1_genomic.fna,148,135,135,40.07,6249.7,KEPT
GCA_027370635.1_ASM2737063v1_genomic.fna,161,104,104,39.88,7198.4,KEPT
GCA_027370695.1_ASM2737069v1_genomic.fna,169,163,163,39.82,4501.6,KEPT
GCA_027370575.1_ASM2737057v1_genomic.fna,31,26,26,40.01,32743.0,KEPT
GCA_027370845.1_ASM2737084v1_genomic.fna,25,19,19,45.77,17248.7,KEPT
GCA_027370655.1_ASM2737065v1_genomic.fna,36,26,26,40.01,32130.2,KEPT
GCA_027370915.1_ASM2737091v1_genomic.fna,49,15,15,44.46,38484.8,KEPT
GCA_027370735.1_ASM2737073v1_genomic.fna,30,17,17,39.86,49310.6,KEPT
GCA_027370745.1_ASM2737074v1_genomic.fna,52,44,44,39.89,19663.9,KEPT
GCA_027370935.1_ASM2737093v1_genomic.fna,40,10,10,43.99,63795.4,KEPT
GCA_027370945.1_ASM2737094v1_genomic.fna,18,11,11,43.99,61357.9,KEPT
GCA_027370975.1_ASM2737097v1_genomic.fna,45,25,25,43.69,29842.7,KEPT
GCA_027370985.1_ASM2737098v1_genomic.fna,24,11,11,43.98,63499.4,KEPT
GCA_027371095.1_ASM2737109v1_genomic.fna,35,22,22,43.23,30548.9,KEPT
GCA_027371155.1_ASM2737115v1_genomic.fna,223,181,181,43.65,3725.1,KEPT
GCA_027371115.1_ASM2737111v1_genomic.fna,37,20,20,43.04,33526.7,KEPT
GCA_027371295.1_ASM2737129v1_genomic.fna,88,76,76,43.71,5068.3,KEPT
GCA_027371235.1_ASM2737123v1_genomic.fna,48,18,18,43.55,26436.2,KEPT
GCA_027371355.1_ASM2737135v1_genomic.fna,94,88,88,37.16,5798.8,KEPT
GCA_027371365.1_ASM2737136v1_genomic.fna,128,126,126,37.52,3881.4,KEPT
GCA_027371175.1_ASM2737117v1_genomic.fna,50,20,20,43.11,31748.5,KEPT
GCA_027371335.1_ASM2737133v1_genomic.fna,42,29,29,43.10,21242.6,KEPT
GCA_027371415.1_ASM2737141v1_genomic.fna,124,113,113,37.33,5851.2,KEPT
GCA_027372915.1_ASM2737291v1_genomic.fna,178,158,158,43.80,5459.2,KEPT
GCA_027371725.1_ASM2737172v1_genomic.fna,286,249,249,62.18,4120.6,KEPT
GCA_027372115.1_ASM2737211v1_genomic.fna,24,11,11,51.37,69712.1,KEPT
GCA_027373635.1_ASM2737363v1_genomic.fna,49,30,30,45.03,24569.5,KEPT
GCA_027373835.1_ASM2737383v1_genomic.fna,360,351,351,44.70,2306.1,KEPT
GCA_027372615.1_ASM2737261v1_genomic.fna,126,68,68,39.23,19964.6,KEPT
GCA_027373515.1_ASM2737351v1_genomic.fna,208,170,170,44.47,8078.1,KEPT
GCA_027373855.1_ASM2737385v1_genomic.fna,86,64,64,44.20,22390.8,KEPT
GCA_027373155.1_ASM2737315v1_genomic.fna,97,91,91,42.11,19733.7,KEPT
GCA_027373875.1_ASM2737387v1_genomic.fna,47,28,28,44.16,51835.2,KEPT
GCA_027374335.1_ASM2737433v1_genomic.fna,463,450,450,54.00,3175.8,KEPT
GCA_027374165.1_ASM2737416v1_genomic.fna,81,60,60,51.19,31403.7,KEPT
GCA_027374175.1_ASM2737417v1_genomic.fna,64,44,44,51.52,37079.9,KEPT
GCA_027374235.1_ASM2737423v1_genomic.fna,225,142,142,51.28,12266.8,KEPT
GCA_027374395.1_ASM2737439v1_genomic.fna,56,41,41,50.00,45315.4,KEPT
GCA_027374475.1_ASM2737447v1_genomic.fna,131,73,73,49.99,25233.7,KEPT
GCA_027374375.1_ASM2737437v1_genomic.fna,68,34,34,49.98,54427.9,KEPT
GCA_027374815.1_ASM2737481v1_genomic.fna,84,66,66,40.67,11003.3,KEPT
GCA_027374505.1_ASM2737450v1_genomic.fna,62,40,40,50.01,45352.7,KEPT
GCA_027374865.1_ASM2737486v1_genomic.fna,60,23,23,40.42,37304.7,KEPT
GCA_027374965.1_ASM2737496v1_genomic.fna,93,57,57,35.27,13275.1,KEPT
GCA_027375085.1_ASM2737508v1_genomic.fna,591,533,533,37.49,2150.7,KEPT
GCA_027374975.1_ASM2737497v1_genomic.fna,78,40,40,35.37,20853.7,KEPT
GCA_027375215.1_ASM2737521v1_genomic.fna,325,306,306,37.33,3185.2,KEPT
GCA_027374615.1_ASM2737461v1_genomic.fna,101,91,91,43.49,16803.8,KEPT
GCA_027375065.1_ASM2737506v1_genomic.fna,143,113,113,37.55,10723.1,KEPT
GCA_027375335.1_ASM2737533v1_genomic.fna,329,304,304,37.59,3415.6,KEPT
GCA_027375395.1_ASM2737539v1_genomic.fna,238,225,225,37.48,6203.7,KEPT
GCA_027375455.1_ASM2737545v1_genomic.fna,73,41,41,37.49,27749.4,KEPT
GCA_027375175.1_ASM2737517v1_genomic.fna,153,127,127,37.19,13205.0,KEPT
GCA_027375225.1_ASM2737522v1_genomic.fna,120,89,89,37.32,19149.6,KEPT
GCA_027376095.1_ASM2737609v1_genomic.fna,135,116,116,38.35,12938.2,KEPT
GCA_027375625.1_ASM2737562v1_genomic.fna,96,75,75,36.98,21655.8,KEPT
GCA_027376155.1_ASM2737615v1_genomic.fna,235,199,199,64.62,9930.6,KEPT
GCA_027376195.1_ASM2737619v1_genomic.fna,53,22,22,64.54,62870.7,KEPT
GCA_027375775.1_ASM2737577v1_genomic.fna,272,259,259,32.85,10580.7,KEPT
GCA_027376175.1_ASM2737617v1_genomic.fna,49,18,18,64.27,112970.9,KEPT
GCA_027376305.1_ASM2737630v1_genomic.fna,96,88,88,63.50,28479.5,KEPT
GCA_027376345.1_ASM2737634v1_genomic.fna,63,43,43,64.24,50499.9,KEPT
GCA_027376335.1_ASM2737633v1_genomic.fna,76,40,40,63.74,59589.2,KEPT
GCA_027376875.1_ASM2737687v1_genomic.fna,63,35,35,70.70,32613.9,KEPT
GCA_027376815.1_ASM2737681v1_genomic.fna,113,73,73,70.38,18534.5,KEPT
GCA_027376375.1_ASM2737637v1_genomic.fna,50,32,32,64.04,68801.5,KEPT
GCA_027376895.1_ASM2737689v1_genomic.fna,199,144,144,70.46,9563.0,KEPT
GCA_027377075.1_ASM2737707v1_genomic.fna,70,34,34,70.30,39657.9,KEPT
GCA_027377015.1_ASM2737701v1_genomic.fna,79,44,44,70.34,34337.6,KEPT
GCA_027376455.1_ASM2737645v1_genomic.fna,34,27,27,64.43,76644.7,KEPT
GCA_027377095.1_ASM2737709v1_genomic.fna,96,48,48,70.27,28874.9,KEPT
GCA_027377345.1_ASM2737734v1_genomic.fna,374,283,283,73.51,4220.6,KEPT
GCA_027377125.1_ASM2737712v1_genomic.fna,119,91,91,70.34,15884.4,KEPT
GCA_027377215.1_ASM2737721v1_genomic.fna,157,129,129,70.24,11464.3,KEPT
GCA_027377575.1_ASM2737757v1_genomic.fna,427,395,395,69.88,3113.5,KEPT
GCA_027377155.1_ASM2737715v1_genomic.fna,70,39,39,69.87,39466.0,KEPT
GCA_027377445.1_ASM2737744v1_genomic.fna,176,151,151,69.91,8835.2,KEPT
GCA_027377395.1_ASM2737739v1_genomic.fna,210,110,110,72.97,14062.0,KEPT
GCA_027377595.1_ASM2737759v1_genomic.fna,98,64,64,70.69,20712.6,KEPT
GCA_027377615.1_ASM2737761v1_genomic.fna,119,89,89,70.50,15226.7,KEPT
GCA_027377625.1_ASM2737762v1_genomic.fna,113,82,82,70.58,15381.1,KEPT
GCA_027377755.1_ASM2737775v1_genomic.fna,87,53,53,67.27,21265.4,KEPT
GCA_027377775.1_ASM2737777v1_genomic.fna,131,76,76,67.56,13714.5,KEPT
GCA_027377815.1_ASM2737781v1_genomic.fna,182,155,155,67.47,7688.6,KEPT
GCA_027378015.1_ASM2737801v1_genomic.fna,265,232,232,67.32,6276.9,KEPT
GCA_027377945.1_ASM2737794v1_genomic.fna,88,43,43,67.08,35700.2,KEPT
GCA_027377985.1_ASM2737798v1_genomic.fna,93,64,64,67.24,23570.9,KEPT
GCA_027377975.1_ASM2737797v1_genomic.fna,79,44,44,67.20,35061.0,KEPT
GCA_027378035.1_ASM2737803v1_genomic.fna,115,103,103,67.43,14062.6,KEPT
GCA_027378115.1_ASM2737811v1_genomic.fna,93,59,59,67.42,23569.1,KEPT
GCA_027378175.1_ASM2737817v1_genomic.fna,93,49,49,67.36,32083.1,KEPT
GCA_027378155.1_ASM2737815v1_genomic.fna,79,39,39,67.30,41318.6,KEPT
GCA_027378185.1_ASM2737818v1_genomic.fna,141,82,82,67.31,19698.5,KEPT
GCA_027378385.1_ASM2737838v1_genomic.fna,321,270,270,68.85,5986.8,KEPT
GCA_027378195.1_ASM2737819v1_genomic.fna,80,49,49,67.20,33399.6,KEPT
GCA_027378405.1_ASM2737840v1_genomic.fna,349,275,275,67.95,4658.6,KEPT
GCA_027378375.1_ASM2737837v1_genomic.fna,183,135,135,68.69,12053.1,KEPT
GCA_027378435.1_ASM2737843v1_genomic.fna,140,110,110,68.77,14719.3,KEPT
GCA_027378635.1_ASM2737863v1_genomic.fna,111,84,84,70.37,18552.2,KEPT
GCA_027378495.1_ASM2737849v1_genomic.fna,146,88,88,68.63,19681.3,KEPT
GCA_027378535.1_ASM2737853v1_genomic.fna,144,76,76,68.64,22875.6,KEPT
GCA_027378855.1_ASM2737885v1_genomic.fna,427,359,359,69.46,4065.8,KEPT
GCA_027378655.1_ASM2737865v1_genomic.fna,216,45,45,69.71,38750.7,KEPT
GCA_027378695.1_ASM2737869v1_genomic.fna,133,119,119,69.84,15004.2,KEPT
GCA_027378875.1_ASM2737887v1_genomic.fna,124,55,55,69.84,23423.3,KEPT
GCA_027378975.1_ASM2737897v1_genomic.fna,198,169,169,35.54,8054.2,KEPT
GCA_027379085.1_ASM2737908v1_genomic.fna,369,340,340,35.53,4685.9,KEPT
GCA_027378795.1_ASM2737879v1_genomic.fna,145,80,80,69.69,23959.1,KEPT
GCA_027379255.1_ASM2737925v1_genomic.fna,266,258,258,51.72,4242.2,KEPT
GCA_027379135.1_ASM2737913v1_genomic.fna,223,171,171,35.87,8746.0,KEPT
GCA_027379155.1_ASM2737915v1_genomic.fna,186,175,175,35.87,8778.7,KEPT
GCA_027379375.1_ASM2737937v1_genomic.fna,262,241,241,53.00,5411.7,KEPT
GCA_027379315.1_ASM2737931v1_genomic.fna,104,87,87,49.02,12790.4,KEPT
GCA_027379395.1_ASM2737939v1_genomic.fna,208,175,175,52.50,6242.9,KEPT
GCA_027379195.1_ASM2737919v1_genomic.fna,265,134,134,51.29,11280.0,KEPT
GCA_027380665.1_ASM2738066v1_genomic.fna,241,227,227,47.56,4084.4,KEPT
GCA_027379725.1_ASM2737972v1_genomic.fna,205,180,180,44.29,7520.2,KEPT
GCA_027380785.1_ASM2738078v1_genomic.fna,148,88,88,47.41,13423.4,KEPT
GCA_027380845.1_ASM2738084v1_genomic.fna,161,120,120,47.64,9965.9,KEPT
GCA_027380625.1_ASM2738062v1_genomic.fna,113,108,108,47.99,13440.5,KEPT
GCA_027379955.1_ASM2737995v1_genomic.fna,144,33,33,49.40,45760.6,KEPT
GCA_027381065.1_ASM2738106v1_genomic.fna,131,91,91,45.51,13086.5,KEPT
GCA_027381095.1_ASM2738109v1_genomic.fna,148,91,91,45.51,13379.2,KEPT
GCA_027381275.1_ASM2738127v1_genomic.fna,108,89,89,45.70,12685.0,KEPT
GCA_027380915.1_ASM2738091v1_genomic.fna,119,71,71,47.38,20253.7,KEPT
GCA_027381665.1_ASM2738166v1_genomic.fna,115,83,83,38.28,14093.3,KEPT
GCA_027381685.1_ASM2738168v1_genomic.fna,200,172,171,37.18,9653.1,KEPT
GCA_027381895.1_ASM2738189v1_genomic.fna,604,571,571,64.72,2478.8,KEPT
GCA_027381795.1_ASM2738179v1_genomic.fna,43,25,25,64.84,58854.3,KEPT
GCA_027381875.1_ASM2738187v1_genomic.fna,110,45,45,64.02,50141.1,KEPT
GCA_027381835.1_ASM2738183v1_genomic.fna,94,26,26,63.97,84668.4,KEPT
GCA_027382035.1_ASM2738203v1_genomic.fna,65,32,32,63.99,69882.8,KEPT
GCA_027382085.1_ASM2738208v1_genomic.fna,43,21,21,63.97,106606.6,KEPT
GCA_027382255.1_ASM2738225v1_genomic.fna,209,136,136,73.01,10657.4,KEPT
GCA_027385835.1_ASM2738583v1_genomic.fna,155,148,148,51.28,11080.0,KEPT
GCA_027382195.1_ASM2738219v1_genomic.fna,51,14,14,63.99,154488.2,KEPT
GCA_027382155.1_ASM2738215v1_genomic.fna,180,150,150,64.00,18717.8,KEPT
GCA_027385805.1_ASM2738580v1_genomic.fna,79,29,29,51.68,74052.2,KEPT
GCA_027385845.1_ASM2738584v1_genomic.fna,309,266,266,51.50,8054.2,KEPT
GCA_027385945.1_ASM2738594v1_genomic.fna,318,254,254,64.91,4945.4,KEPT
GCA_027385975.1_ASM2738597v1_genomic.fna,136,103,103,48.53,9781.5,KEPT
GCA_027385915.1_ASM2738591v1_genomic.fna,564,512,512,52.43,4268.5,KEPT
GCA_027385995.1_ASM2738599v1_genomic.fna,79,42,42,49.65,25914.0,KEPT
GCA_027386075.1_ASM2738607v1_genomic.fna,212,196,196,47.79,7097.2,KEPT
GCA_027385875.1_ASM2738587v1_genomic.fna,84,54,54,51.72,36990.5,KEPT
GCA_027386135.1_ASM2738613v1_genomic.fna,70,42,42,62.04,26351.5,KEPT
GCA_027386195.1_ASM2738619v1_genomic.fna,82,32,32,61.50,25803.8,KEPT
GCA_027386015.1_ASM2738601v1_genomic.fna,122,72,72,47.74,22605.4,KEPT
GCA_027386235.1_ASM2738623v1_genomic.fna,70,25,25,61.40,24465.8,KEPT
GCA_027386325.1_ASM2738632v1_genomic.fna,70,38,38,59.43,27653.8,KEPT
GCA_027386155.1_ASM2738615v1_genomic.fna,192,50,50,61.45,27702.6,KEPT
GCA_027386415.1_ASM2738641v1_genomic.fna,555,542,542,61.79,1934.9,KEPT
GCA_027386375.1_ASM2738637v1_genomic.fna,152,28,28,60.34,42911.7,KEPT
GCA_027386425.1_ASM2738642v1_genomic.fna,515,503,503,62.08,2654.6,KEPT
GCA_027386385.1_ASM2738638v1_genomic.fna,79,18,18,59.39,46644.6,KEPT
GCA_027386515.1_ASM2738651v1_genomic.fna,11,3,3,0.00,0.0,DELETED (too few contigs)
GCA_027386455.1_ASM2738645v1_genomic.fna,69,40,40,60.89,22427.3,KEPT
GCA_027386495.1_ASM2738649v1_genomic.fna,415,405,405,61.62,3897.1,KEPT
GCA_027386525.1_ASM2738652v1_genomic.fna,59,15,15,59.74,70171.4,KEPT
GCA_027386615.1_ASM2738661v1_genomic.fna,649,620,620,61.41,2110.9,KEPT
GCA_027386575.1_ASM2738657v1_genomic.fna,156,149,149,62.60,7253.9,KEPT
GCA_027386355.1_ASM2738635v1_genomic.fna,97,37,37,61.73,49023.3,KEPT
GCA_027386555.1_ASM2738655v1_genomic.fna,31,15,15,62.59,91476.7,KEPT
GCA_027386655.1_ASM2738665v1_genomic.fna,126,69,69,62.66,19231.2,KEPT
GCA_027386775.1_ASM2738677v1_genomic.fna,186,174,174,64.39,4464.0,KEPT
GCA_027386975.1_ASM2738697v1_genomic.fna,257,252,252,41.09,2964.1,KEPT
GCA_027386985.1_ASM2738698v1_genomic.fna,290,242,242,65.05,7389.2,KEPT
GCA_027387055.1_ASM2738705v1_genomic.fna,649,639,639,39.15,1899.7,KEPT
GCA_027386865.1_ASM2738686v1_genomic.fna,132,83,83,62.40,17913.9,KEPT
GCA_027386665.1_ASM2738666v1_genomic.fna,104,93,93,61.63,20370.3,KEPT
GCA_027386635.1_ASM2738663v1_genomic.fna,66,54,54,61.44,35550.3,KEPT
GCA_027387275.1_ASM2738727v1_genomic.fna,64,27,27,64.39,54572.2,KEPT
GCA_027448345.1_ASM2744834v1_genomic.fna,422,387,387,49.97,4188.1,KEPT
GCA_027448225.1_ASM2744822v1_genomic.fna,143,127,127,40.87,14378.7,KEPT
GCA_027448405.1_ASM2744840v1_genomic.fna,22,14,14,40.53,61316.9,KEPT
GCA_027448365.1_ASM2744836v1_genomic.fna,74,61,61,44.89,22755.3,KEPT
GCA_027448425.1_ASM2744842v1_genomic.fna,45,34,34,41.78,15799.1,KEPT
GCA_027448485.1_ASM2744848v1_genomic.fna,228,219,219,46.12,3177.5,KEPT
GCA_027448525.1_ASM2744852v1_genomic.fna,66,56,56,54.77,7312.2,KEPT
GCA_027448145.1_ASM2744814v1_genomic.fna,197,86,86,70.65,23801.0,KEPT
GCA_027448565.1_ASM2744856v1_genomic.fna,66,56,56,49.48,11209.5,KEPT
GCA_027448445.1_ASM2744844v1_genomic.fna,60,42,42,40.39,21493.2,KEPT
GCA_027448605.1_ASM2744860v1_genomic.fna,69,64,64,51.63,14502.9,KEPT
GCA_027448885.1_ASM2744888v1_genomic.fna,154,118,118,37.16,7929.8,KEPT
GCA_027387185.1_ASM2738718v1_genomic.fna,154,70,70,61.89,33930.3,KEPT
GCA_027449465.1_ASM2744946v1_genomic.fna,95,56,56,36.22,14789.1,KEPT
GCA_027449585.1_ASM2744958v1_genomic.fna,50,48,48,47.56,17698.6,KEPT
GCA_027457165.1_ASM2745716v1_genomic.fna,760,738,738,38.56,2722.7,KEPT
GCA_027460385.1_ASM2746038v1_genomic.fna,282,282,282,42.01,3807.0,KEPT
GCA_027460405.1_ASM2746040v1_genomic.fna,242,242,242,43.13,3747.8,KEPT
GCA_027459225.1_ASM2745922v1_genomic.fna,484,454,454,69.47,3518.1,KEPT
GCA_027460435.1_ASM2746043v1_genomic.fna,243,243,243,43.29,3888.5,KEPT
GCA_027459145.1_ASM2745914v1_genomic.fna,95,50,50,63.01,36348.5,KEPT
GCA_027460485.1_ASM2746048v1_genomic.fna,384,384,384,42.94,7454.6,KEPT
GCA_027460465.1_ASM2746046v1_genomic.fna,176,176,176,44.65,16324.8,KEPT
GCA_027460605.1_ASM2746060v1_genomic.fna,286,286,286,43.35,7456.4,KEPT
GCA_027459185.1_ASM2745918v1_genomic.fna,227,138,138,61.67,20579.7,KEPT
GCA_027491465.1_ASM2749146v1_genomic.fna,357,356,356,43.44,4857.2,KEPT
GCA_027460565.1_ASM2746056v1_genomic.fna,261,261,261,43.28,10554.3,KEPT
GCA_027492135.1_ASM2749213v1_genomic.fna,159,159,159,49.72,6223.8,KEPT
GCA_027491475.1_ASM2749147v1_genomic.fna,280,279,279,37.04,4690.8,KEPT
GCA_027491455.1_ASM2749145v1_genomic.fna,223,223,223,39.56,9864.1,KEPT
GCA_027492165.1_ASM2749216v1_genomic.fna,21,21,21,44.61,75579.4,KEPT
GCA_027492155.1_ASM2749215v1_genomic.fna,72,72,72,45.18,26588.9,KEPT
GCA_027554905.1_ASM2755490v1_genomic.fna,1,1,1,0.00,0.0,DELETED (too few contigs)
GCA_027555045.1_ASM2755504v1_genomic.fna,2,2,2,0.00,0.0,DELETED (too few contigs)
GCA_027555065.1_ASM2755506v1_genomic.fna,2,2,2,0.00,0.0,DELETED (too few contigs)
GCA_027563145.1_ASM2756314v1_genomic.fna,5,5,0,0.00,0.0,FAILED (CD-HIT)
GCA_027492235.1_ASM2749223v1_genomic.fna,223,223,223,36.45,5668.3,KEPT
GCA_027570295.1_ASM2757029v1_genomic.fna,166,166,166,51.26,11819.9,KEPT
GCA_027492195.1_ASM2749219v1_genomic.fna,8,8,8,0.00,0.0,DELETED (too few contigs)
GCA_027492205.1_ASM2749220v1_genomic.fna,17,17,17,63.33,114019.6,KEPT
GCA_027570335.1_ASM2757033v1_genomic.fna,98,98,98,53.29,19166.0,KEPT
GCA_027886905.1_ASM2788690v1_genomic.fna,85,85,85,62.37,18962.5,KEPT
GCA_027886865.1_ASM2788686v1_genomic.fna,52,52,52,59.22,38609.0,KEPT
GCA_027886885.1_ASM2788688v1_genomic.fna,122,122,122,59.16,17667.1,KEPT
GCA_027886925.1_ASM2788692v1_genomic.fna,154,154,154,57.95,13650.3,KEPT
GCA_027945745.1_ASM2794574v1_genomic.fna,8,8,8,0.00,0.0,DELETED (too few contigs)
GCA_027945785.1_ASM2794578v1_genomic.fna,3,3,3,0.00,0.0,DELETED (too few contigs)
GCA_027945765.1_ASM2794576v1_genomic.fna,9,9,9,0.00,0.0,DELETED (too few contigs)
GCA_027945805.1_ASM2794580v1_genomic.fna,3,3,3,0.00,0.0,DELETED (too few contigs)
GCA_028065075.1_ASM2806507v1_genomic.fna,260,260,260,43.75,7490.0,KEPT
GCA_028063715.1_ASM2806371v1_genomic.fna,167,167,167,43.84,13360.4,KEPT
GCA_028065995.1_ASM2806599v1_genomic.fna,42,42,42,65.65,39624.5,KEPT
GCA_027925065.1_ASM2792506v1_genomic.fna,24,24,24,25.48,97733.4,KEPT
GCA_028066025.1_ASM2806602v1_genomic.fna,34,34,34,65.13,52299.8,KEPT
GCA_028066115.1_ASM2806611v1_genomic.fna,56,56,56,65.46,29032.6,KEPT
GCA_028066175.1_ASM2806617v1_genomic.fna,49,49,49,65.84,33100.2,KEPT
GCA_028066215.1_ASM2806621v1_genomic.fna,77,77,77,66.10,21295.1,KEPT
GCA_028066225.1_ASM2806622v1_genomic.fna,32,32,32,65.57,49604.5,KEPT
GCA_028066405.1_ASM2806640v1_genomic.fna,57,57,57,65.55,29227.8,KEPT
GCA_027925105.1_ASM2792510v1_genomic.fna,33,33,33,41.25,93841.8,KEPT
GCA_028066555.1_ASM2806655v1_genomic.fna,93,93,93,65.96,16776.5,KEPT
GCA_028066415.1_ASM2806641v1_genomic.fna,59,59,59,64.75,29758.1,KEPT
GCA_028067205.1_ASM2806720v1_genomic.fna,44,44,44,65.87,30834.2,KEPT
GCA_028067175.1_ASM2806717v1_genomic.fna,298,297,297,65.25,6155.8,KEPT
GCA_028210825.1_ASM2821082v1_genomic.fna,78,31,31,67.42,107894.2,KEPT
GCA_028211085.1_ASM2821108v1_genomic.fna,104,52,52,66.65,69712.4,KEPT
GCA_028211005.1_ASM2821100v1_genomic.fna,118,66,66,67.15,53281.0,KEPT
GCA_028210945.1_ASM2821094v1_genomic.fna,342,189,189,66.15,21056.6,KEPT
GCA_028283325.1_ASM2828332v1_genomic.fna,149,121,121,61.22,11837.5,KEPT
GCA_028283345.1_ASM2828334v1_genomic.fna,201,190,190,53.94,11208.8,KEPT
GCA_028283385.1_ASM2828338v1_genomic.fna,86,73,73,62.47,27092.9,KEPT
GCA_028283425.1_ASM2828342v1_genomic.fna,88,74,74,59.62,15202.5,KEPT
GCA_028283435.1_ASM2828343v1_genomic.fna,357,336,336,61.97,3814.0,KEPT
GCA_028283455.1_ASM2828345v1_genomic.fna,31,15,15,50.60,72049.7,KEPT
GCA_028283505.1_ASM2828350v1_genomic.fna,23,17,17,47.80,76246.5,KEPT
GCA_028283525.1_ASM2828352v1_genomic.fna,238,226,226,44.17,6005.0,KEPT
GCA_028283535.1_ASM2828353v1_genomic.fna,213,198,198,43.08,8242.0,KEPT
GCA_028211095.1_ASM2821109v1_genomic.fna,375,107,107,66.13,35470.0,KEPT
GCA_028211355.1_ASM2821135v1_genomic.fna,100,40,40,67.26,84822.8,KEPT
GCA_028283565.1_ASM2828356v1_genomic.fna,113,80,80,58.51,23322.2,KEPT
GCA_028211275.1_ASM2821127v1_genomic.fna,77,42,42,66.46,88312.0,KEPT
GCA_028286225.1_ASM2828622v1_genomic.fna,124,124,124,42.90,26284.9,KEPT
GCA_028329825.1_ASM2832982v1_genomic.fna,25,20,0,0.00,0.0,FAILED (CD-HIT)
GCA_028329625.1_ASM2832962v1_genomic.fna,39,36,36,67.37,97154.9,KEPT
GCA_028328625.1_ASM2832862v1_genomic.fna,43,32,32,67.37,109287.7,KEPT
GCA_028329665.1_ASM2832966v1_genomic.fna,44,36,36,67.42,95737.9,KEPT
GCA_028329875.1_ASM2832987v1_genomic.fna,80,66,66,66.33,56635.1,KEPT
GCA_028329925.1_ASM2832992v1_genomic.fna,39,36,36,67.37,97154.9,KEPT
GCA_028329985.1_ASM2832998v1_genomic.fna,42,36,36,67.37,97127.8,KEPT
GCA_028330485.1_ASM2833048v1_genomic.fna,52,36,36,67.37,97098.7,KEPT
GCA_028330545.1_ASM2833054v1_genomic.fna,54,44,44,67.38,79458.5,KEPT
GCA_028330555.1_ASM2833055v1_genomic.fna,51,40,40,67.37,87419.4,KEPT
GCA_028439805.1_ASM2843980v1_genomic.fna,83,83,83,32.40,13445.2,KEPT
GCA_028439825.1_ASM2843982v1_genomic.fna,34,34,34,32.45,28757.6,KEPT
GCA_028471785.1_ASM2847178v1_genomic.fna,1,1,1,0.00,0.0,DELETED (too few contigs)
GCA_028471865.1_ASM2847186v1_genomic.fna,1,1,1,0.00,0.0,DELETED (too few contigs)
GCA_028472005.1_ASM2847200v1_genomic.fna,1,1,1,0.00,0.0,DELETED (too few contigs)
GCA_028472365.1_ASM2847236v1_genomic.fna,1,1,1,0.00,0.0,DELETED (too few contigs)
GCA_028330605.1_ASM2833060v1_genomic.fna,51,44,44,67.33,79815.1,KEPT
GCA_028580845.1_ASM2858084v1_genomic.fna,346,346,346,48.44,2325.1,KEPT
GCA_028571585.1_ASM2857158v1_genomic.fna,602,601,601,52.37,2977.3,KEPT
GCA_028330585.1_ASM2833058v1_genomic.fna,75,62,62,66.67,59284.4,KEPT
GCA_028580875.1_ASM2858087v1_genomic.fna,317,317,317,37.70,6674.2,KEPT
GCA_028678605.1_ASM2867860v1_genomic.fna,326,326,326,63.60,4366.8,KEPT
GCA_028679545.1_ASM2867954v1_genomic.fna,230,230,230,54.86,7475.4,KEPT
GCA_028679595.1_ASM2867959v1_genomic.fna,257,257,257,54.72,5770.3,KEPT
GCA_028679635.1_ASM2867963v1_genomic.fna,229,229,229,55.34,4907.8,KEPT
GCA_028681315.1_ASM2868131v1_genomic.fna,139,139,139,52.25,8945.8,KEPT
GCA_028330625.1_ASM2833062v1_genomic.fna,57,47,47,67.13,74979.6,KEPT
GCA_028683675.1_ASM2868367v1_genomic.fna,275,275,275,40.55,11257.6,KEPT
GCA_028681455.1_ASM2868145v1_genomic.fna,124,124,124,61.97,21833.0,KEPT
GCA_028684385.1_ASM2868438v1_genomic.fna,76,76,76,56.15,15125.0,KEPT
GCA_028684795.1_ASM2868479v1_genomic.fna,60,60,60,28.00,9176.8,KEPT
GCA_028684995.1_ASM2868499v1_genomic.fna,344,344,344,60.94,4994.1,KEPT
GCA_028685055.1_ASM2868505v1_genomic.fna,146,146,146,48.48,6514.6,KEPT
GCA_028684695.1_ASM2868469v1_genomic.fna,217,217,217,41.88,9100.8,KEPT
GCA_028685115.1_ASM2868511v1_genomic.fna,64,64,64,29.56,14384.8,KEPT
GCA_028685635.1_ASM2868563v1_genomic.fna,97,97,97,30.31,7908.2,KEPT
GCA_028685545.1_ASM2868554v1_genomic.fna,124,124,124,55.55,8299.4,KEPT
GCA_028686715.1_ASM2868671v1_genomic.fna,213,213,213,55.86,5781.3,KEPT
GCA_028686775.1_ASM2868677v1_genomic.fna,303,303,303,56.97,6110.1,KEPT
GCA_028686815.1_ASM2868681v1_genomic.fna,132,132,132,27.21,11231.2,KEPT
GCA_028686525.1_ASM2868652v1_genomic.fna,250,250,250,40.34,10389.2,KEPT
GCA_028687195.1_ASM2868719v1_genomic.fna,79,79,79,33.92,9536.6,KEPT
GCA_028687135.1_ASM2868713v1_genomic.fna,24,24,24,43.34,63926.3,KEPT
GCA_028617175.1_ASM2861717v1_genomic.fna,86,60,60,63.21,70056.5,KEPT
GCA_028688035.1_ASM2868803v1_genomic.fna,128,128,128,52.31,9865.0,KEPT
GCA_028688335.1_ASM2868833v1_genomic.fna,201,201,201,42.51,5879.1,KEPT
GCA_028688365.1_ASM2868836v1_genomic.fna,195,195,195,55.36,5929.3,KEPT
GCA_028687835.1_ASM2868783v1_genomic.fna,270,270,270,62.06,9021.3,KEPT
GCA_028689445.1_ASM2868944v1_genomic.fna,149,149,149,56.62,5866.0,KEPT
GCA_028688535.1_ASM2868853v1_genomic.fna,460,460,460,49.70,5447.7,KEPT
GCA_028690335.1_ASM2869033v1_genomic.fna,126,126,126,52.45,8887.3,KEPT
GCA_028688175.1_ASM2868817v1_genomic.fna,404,404,404,49.54,7244.9,KEPT
GCA_028690725.1_ASM2869072v1_genomic.fna,89,89,89,26.11,8549.1,KEPT
GCA_028690775.1_ASM2869077v1_genomic.fna,63,63,63,30.55,12509.6,KEPT
GCA_028618695.1_ASM2861869v1_genomic.fna,848,713,713,61.34,8312.5,KEPT
GCA_028690785.1_ASM2869078v1_genomic.fna,129,129,129,27.06,9082.1,KEPT
GCA_028690255.1_ASM2869025v1_genomic.fna,251,251,251,46.58,11771.7,KEPT
GCA_028690625.1_ASM2869062v1_genomic.fna,321,321,321,62.83,7321.3,KEPT
GCA_028691435.1_ASM2869143v1_genomic.fna,47,47,47,25.81,19315.9,KEPT
GCA_028690975.1_ASM2869097v1_genomic.fna,452,452,452,53.82,5440.4,KEPT
GCA_028691265.1_ASM2869126v1_genomic.fna,276,276,276,62.02,6806.8,KEPT
GCA_028691645.1_ASM2869164v1_genomic.fna,90,90,90,55.65,11370.4,KEPT
GCA_028691725.1_ASM2869172v1_genomic.fna,82,82,82,22.05,9356.9,KEPT
GCA_028691765.1_ASM2869176v1_genomic.fna,99,99,99,30.90,11040.6,KEPT
GCA_028692325.1_ASM2869232v1_genomic.fna,119,119,119,58.71,8972.5,KEPT
GCA_028690835.1_ASM2869083v1_genomic.fna,205,205,205,54.69,11455.4,KEPT
GCA_028692575.1_ASM2869257v1_genomic.fna,25,25,25,43.14,61238.9,KEPT
GCA_028693315.1_ASM2869331v1_genomic.fna,173,173,173,48.46,6243.8,KEPT
GCA_028693335.1_ASM2869333v1_genomic.fna,100,100,100,26.24,6462.5,KEPT
GCA_028693395.1_ASM2869339v1_genomic.fna,48,48,48,22.77,23361.7,KEPT
GCA_028693595.1_ASM2869359v1_genomic.fna,26,26,26,56.53,43524.1,KEPT
GCA_028692305.1_ASM2869230v1_genomic.fna,82,82,82,62.38,31415.0,KEPT
GCA_028692935.1_ASM2869293v1_genomic.fna,224,224,224,40.36,12593.8,KEPT
GCA_028693795.1_ASM2869379v1_genomic.fna,108,108,108,41.88,11160.2,KEPT
GCA_028694055.1_ASM2869405v1_genomic.fna,163,163,163,55.14,8182.0,KEPT
GCA_028694195.1_ASM2869419v1_genomic.fna,250,250,250,40.46,5555.0,KEPT
GCA_028694205.1_ASM2869420v1_genomic.fna,212,212,212,27.23,5094.5,KEPT
GCA_028694635.1_ASM2869463v1_genomic.fna,179,179,179,42.02,6921.5,KEPT
GCA_028694255.1_ASM2869425v1_genomic.fna,109,109,109,42.43,10563.3,KEPT
GCA_028693735.1_ASM2869373v1_genomic.fna,187,187,187,61.44,10695.5,KEPT
GCA_028695075.1_ASM2869507v1_genomic.fna,295,295,295,58.99,6955.3,KEPT
GCA_028695895.1_ASM2869589v1_genomic.fna,319,319,319,42.64,5324.0,KEPT
GCA_028695655.1_ASM2869565v1_genomic.fna,329,329,329,52.81,6819.9,KEPT
GCA_028695755.1_ASM2869575v1_genomic.fna,359,359,359,58.39,7103.0,KEPT
GCA_028696365.1_ASM2869636v1_genomic.fna,358,358,358,57.18,6768.5,KEPT
GCA_028697775.1_ASM2869777v1_genomic.fna,89,89,89,36.62,21135.5,KEPT
GCA_028698065.1_ASM2869806v1_genomic.fna,214,214,214,37.34,7240.0,KEPT
GCA_028698765.1_ASM2869876v1_genomic.fna,363,363,363,63.26,5223.9,KEPT
GCA_028697115.1_ASM2869711v1_genomic.fna,93,93,93,56.83,24377.6,KEPT
GCA_028699395.1_ASM2869939v1_genomic.fna,130,130,130,52.54,8206.1,KEPT
GCA_028698985.1_ASM2869898v1_genomic.fna,430,430,430,41.02,6122.9,KEPT
GCA_028699575.1_ASM2869957v1_genomic.fna,387,387,387,60.68,6102.6,KEPT
GCA_028700035.1_ASM2870003v1_genomic.fna,276,276,276,37.57,7333.8,KEPT
GCA_028700065.1_ASM2870006v1_genomic.fna,378,378,378,52.76,5964.5,KEPT
GCA_028693135.1_ASM2869313v1_genomic.fna,89,89,89,42.31,47422.0,KEPT
GCA_028700235.1_ASM2870023v1_genomic.fna,30,30,30,24.77,17101.8,KEPT
GCA_028700115.1_ASM2870011v1_genomic.fna,47,47,47,22.43,20527.5,KEPT
GCA_028700905.1_ASM2870090v1_genomic.fna,88,88,88,25.46,8881.4,KEPT
GCA_028701315.1_ASM2870131v1_genomic.fna,317,317,317,51.22,4513.6,KEPT
GCA_028700135.1_ASM2870013v1_genomic.fna,27,27,27,56.39,43049.9,KEPT
GCA_028700095.1_ASM2870009v1_genomic.fna,157,157,157,29.08,10859.0,KEPT
GCA_028701835.1_ASM2870183v1_genomic.fna,52,52,52,30.36,14262.9,KEPT
GCA_028701725.1_ASM2870172v1_genomic.fna,354,354,354,38.84,5196.5,KEPT
GCA_028701795.1_ASM2870179v1_genomic.fna,141,141,141,48.74,7683.2,KEPT
GCA_028701605.1_ASM2870160v1_genomic.fna,55,55,55,55.76,18933.7,KEPT
GCA_028702295.1_ASM2870229v1_genomic.fna,117,117,117,55.15,6662.0,KEPT
GCA_028702635.1_ASM2870263v1_genomic.fna,203,203,203,57.72,6618.4,KEPT
GCA_028702685.1_ASM2870268v1_genomic.fna,23,23,23,26.98,33769.9,KEPT
GCA_028701845.1_ASM2870184v1_genomic.fna,401,401,401,55.42,5230.4,KEPT
GCA_028702835.1_ASM2870283v1_genomic.fna,82,82,82,53.74,11454.5,KEPT
GCA_028702895.1_ASM2870289v1_genomic.fna,76,76,76,26.80,12192.4,KEPT
GCA_028702875.1_ASM2870287v1_genomic.fna,670,670,670,41.82,5001.0,KEPT
GCA_028702095.1_ASM2870209v1_genomic.fna,321,321,321,51.36,8112.6,KEPT
GCA_028702935.1_ASM2870293v1_genomic.fna,307,307,307,62.88,6544.8,KEPT
GCA_028703295.1_ASM2870329v1_genomic.fna,180,180,180,58.14,7793.1,KEPT
GCA_028703595.1_ASM2870359v1_genomic.fna,201,201,201,40.62,8655.2,KEPT
GCA_028702905.1_ASM2870290v1_genomic.fna,190,190,190,60.86,12678.3,KEPT
GCA_028703755.1_ASM2870375v1_genomic.fna,172,172,172,52.17,9496.2,KEPT
GCA_028703855.1_ASM2870385v1_genomic.fna,218,218,218,37.45,7645.7,KEPT
GCA_028703935.1_ASM2870393v1_genomic.fna,295,295,295,41.90,6119.5,KEPT
GCA_028704265.1_ASM2870426v1_genomic.fna,190,190,190,27.42,6282.0,KEPT
GCA_028703615.1_ASM2870361v1_genomic.fna,239,239,239,40.46,10795.0,KEPT
GCA_028705015.1_ASM2870501v1_genomic.fna,134,134,134,52.42,8878.9,KEPT
GCA_028705305.1_ASM2870530v1_genomic.fna,344,344,344,55.24,6486.6,KEPT
GCA_028703715.1_ASM2870371v1_genomic.fna,79,79,79,62.30,33115.4,KEPT
GCA_028705455.1_ASM2870545v1_genomic.fna,86,86,86,30.21,7790.3,KEPT
GCA_028705155.1_ASM2870515v1_genomic.fna,377,377,377,49.83,7506.7,KEPT
GCA_028705635.1_ASM2870563v1_genomic.fna,331,331,331,52.94,4978.0,KEPT
GCA_028705815.1_ASM2870581v1_genomic.fna,474,474,474,45.91,4928.4,KEPT
GCA_028705545.1_ASM2870554v1_genomic.fna,313,313,312,56.10,6730.7,KEPT
GCA_028706215.1_ASM2870621v1_genomic.fna,35,35,35,24.76,14730.4,KEPT
GCA_028706055.1_ASM2870605v1_genomic.fna,311,311,311,62.97,6463.6,KEPT
GCA_028706745.1_ASM2870674v1_genomic.fna,32,32,32,41.43,38629.3,KEPT
GCA_028707305.1_ASM2870730v1_genomic.fna,318,318,318,51.34,4639.3,KEPT
GCA_028705395.1_ASM2870539v1_genomic.fna,114,114,114,61.74,23704.3,KEPT
GCA_028706905.1_ASM2870690v1_genomic.fna,83,83,83,41.91,13703.2,KEPT
GCA_028707395.1_ASM2870739v1_genomic.fna,162,162,162,27.11,9787.4,KEPT
GCA_028708135.1_ASM2870813v1_genomic.fna,20,20,20,26.76,40750.1,KEPT
GCA_028708315.1_ASM2870831v1_genomic.fna,44,44,44,56.49,25649.2,KEPT
GCA_028708055.1_ASM2870805v1_genomic.fna,481,481,481,50.82,6291.0,KEPT
GCA_028708905.1_ASM2870890v1_genomic.fna,141,141,141,58.96,8019.9,KEPT
GCA_028705965.1_ASM2870596v1_genomic.fna,304,304,304,40.49,11556.2,KEPT
GCA_028710615.1_ASM2871061v1_genomic.fna,55,55,55,33.72,13205.6,KEPT
GCA_028707615.1_ASM2870761v1_genomic.fna,224,224,224,40.23,12172.7,KEPT
GCA_028708925.1_ASM2870892v1_genomic.fna,241,241,241,41.82,8015.2,KEPT
GCA_028711485.1_ASM2871148v1_genomic.fna,123,123,123,32.21,6688.2,KEPT
GCA_028711925.1_ASM2871192v1_genomic.fna,108,108,108,34.06,8498.5,KEPT
GCA_028709645.1_ASM2870964v1_genomic.fna,224,224,224,42.21,8603.8,KEPT
GCA_028712065.1_ASM2871206v1_genomic.fna,52,52,52,56.90,17488.6,KEPT
GCA_028711405.1_ASM2871140v1_genomic.fna,387,387,387,53.23,5734.9,KEPT
GCA_028712455.1_ASM2871245v1_genomic.fna,7,7,7,0.00,0.0,DELETED (too few contigs)
GCA_028712125.1_ASM2871212v1_genomic.fna,97,97,97,53.57,14546.9,KEPT
GCA_028710825.1_ASM2871082v1_genomic.fna,381,381,381,54.31,6525.3,KEPT
GCA_028712575.1_ASM2871257v1_genomic.fna,130,130,130,43.66,6928.9,KEPT
GCA_028713045.1_ASM2871304v1_genomic.fna,68,68,68,31.88,14146.9,KEPT
GCA_028713455.1_ASM2871345v1_genomic.fna,63,63,63,31.61,18194.9,KEPT
GCA_028713495.1_ASM2871349v1_genomic.fna,78,78,78,53.46,13041.4,KEPT
GCA_028713895.1_ASM2871389v1_genomic.fna,13,13,13,42.29,82090.5,KEPT
GCA_028713305.1_ASM2871330v1_genomic.fna,588,588,588,51.89,4663.1,KEPT
GCA_028714375.1_ASM2871437v1_genomic.fna,9,9,9,0.00,0.0,DELETED (too few contigs)
GCA_028714395.1_ASM2871439v1_genomic.fna,134,134,134,51.90,6051.9,KEPT
GCA_028714235.1_ASM2871423v1_genomic.fna,43,43,43,62.23,24159.0,KEPT
GCA_028713935.1_ASM2871393v1_genomic.fna,72,72,72,39.68,17070.3,KEPT
GCA_028715225.1_ASM2871522v1_genomic.fna,104,104,104,34.87,6456.5,KEPT
GCA_028714745.1_ASM2871474v1_genomic.fna,12,12,12,35.42,71768.9,KEPT
GCA_028715295.1_ASM2871529v1_genomic.fna,42,42,42,33.51,18511.0,KEPT
GCA_028715545.1_ASM2871554v1_genomic.fna,76,76,76,42.16,16126.4,KEPT
GCA_028715245.1_ASM2871524v1_genomic.fna,280,280,280,60.72,8139.0,KEPT
GCA_028712425.1_ASM2871242v1_genomic.fna,56,56,56,55.33,47643.6,KEPT
GCA_028714415.1_ASM2871441v1_genomic.fna,127,127,127,52.47,18077.4,KEPT
GCA_028716185.1_ASM2871618v1_genomic.fna,94,94,94,33.67,6596.3,KEPT
GCA_028716125.1_ASM2871612v1_genomic.fna,231,231,231,50.07,7823.2,KEPT
GCA_028716925.1_ASM2871692v1_genomic.fna,13,13,13,33.27,66201.9,KEPT
GCA_028715985.1_ASM2871598v1_genomic.fna,19,19,19,43.25,79199.9,KEPT
GCA_028715885.1_ASM2871588v1_genomic.fna,78,78,78,44.17,26849.4,KEPT
GCA_028718165.1_ASM2871816v1_genomic.fna,206,206,206,54.86,9656.0,KEPT
GCA_028718625.1_ASM2871862v1_genomic.fna,456,456,456,51.34,5683.5,KEPT
GCA_028717785.1_ASM2871778v1_genomic.fna,117,117,117,28.32,19137.9,KEPT
GCA_028718805.1_ASM2871880v1_genomic.fna,18,18,18,31.76,65283.7,KEPT
GCA_028743435.1_ASM2874343v1_genomic.fna,1,1,1,0.00,0.0,DELETED (too few contigs)
GCA_028747785.1_ASM2874778v1_genomic.fna,3,3,0,0.00,0.0,FAILED (CD-HIT)
GCA_028717345.1_ASM2871734v1_genomic.fna,128,128,128,43.36,19859.7,KEPT
GCA_028719305.1_ASM2871930v1_genomic.fna,253,253,253,60.00,5742.1,KEPT
GCA_028748985.1_ASM2874898v1_genomic.fna,28,28,28,43.01,51616.9,KEPT
GCA_028817155.1_ASM2881715v1_genomic.fna,100,98,98,67.19,15051.2,KEPT
GCA_028719105.1_ASM2871910v1_genomic.fna,193,193,193,56.81,11721.2,KEPT
GCA_028816755.1_ASM2881675v1_genomic.fna,80,77,77,66.91,20414.8,KEPT
GCA_028817455.1_ASM2881745v1_genomic.fna,193,190,190,67.01,9753.3,KEPT
GCA_028817395.1_ASM2881739v1_genomic.fna,87,87,87,66.87,20252.5,KEPT
GCA_028819115.1_ASM2881911v1_genomic.fna,128,128,128,60.34,15038.3,KEPT
GCA_028820595.1_ASM2882059v1_genomic.fna,140,140,140,60.30,14220.8,KEPT
GCA_028866725.1_ASM2886672v1_genomic.fna,180,128,128,39.36,10141.0,KEPT
GCA_028866775.1_ASM2886677v1_genomic.fna,14,5,5,0.00,0.0,DELETED (too few contigs)
GCA_028866655.1_ASM2886665v1_genomic.fna,93,49,49,37.03,28480.9,KEPT
GCA_028866785.1_ASM2886678v1_genomic.fna,153,83,83,47.75,12110.7,KEPT
GCA_028866795.1_ASM2886679v1_genomic.fna,56,43,43,48.23,24349.0,KEPT
GCA_028866975.1_ASM2886697v1_genomic.fna,101,77,77,49.97,8655.7,KEPT
GCA_028866935.1_ASM2886693v1_genomic.fna,102,96,96,45.07,11399.6,KEPT
GCA_028866995.1_ASM2886699v1_genomic.fna,55,7,7,0.00,0.0,DELETED (too few contigs)
GCA_028867025.1_ASM2886702v1_genomic.fna,40,2,2,0.00,0.0,DELETED (too few contigs)
GCA_028823795.1_ASM2882379v1_genomic.fna,135,135,135,59.68,15684.8,KEPT
GCA_028867115.1_ASM2886711v1_genomic.fna,80,48,48,52.31,14711.4,KEPT
GCA_028867145.1_ASM2886714v1_genomic.fna,40,28,28,48.54,24055.6,KEPT
GCA_028867315.1_ASM2886731v1_genomic.fna,156,137,137,37.74,10805.3,KEPT
GCA_028867215.1_ASM2886721v1_genomic.fna,210,163,163,38.23,9808.0,KEPT
GCA_028866895.1_ASM2886689v1_genomic.fna,95,47,47,48.43,47364.6,KEPT
GCA_028867415.1_ASM2886741v1_genomic.fna,165,132,132,39.57,9621.5,KEPT
GCA_028867555.1_ASM2886755v1_genomic.fna,208,195,195,44.85,4964.6,KEPT
GCA_028867595.1_ASM2886759v1_genomic.fna,171,85,85,39.56,19173.7,KEPT
GCA_028867565.1_ASM2886756v1_genomic.fna,164,94,94,36.66,20253.6,KEPT
GCA_028867035.1_ASM2886703v1_genomic.fna,132,52,52,58.98,42545.8,KEPT
GCA_028867615.1_ASM2886761v1_genomic.fna,247,176,176,38.18,8833.2,KEPT
GCA_028867635.1_ASM2886763v1_genomic.fna,199,48,48,36.94,29180.6,KEPT
GCA_028867675.1_ASM2886767v1_genomic.fna,224,64,64,35.61,25553.1,KEPT
GCA_028867735.1_ASM2886773v1_genomic.fna,266,93,93,42.56,16547.9,KEPT
GCA_028867775.1_ASM2886777v1_genomic.fna,99,65,65,52.33,13100.0,KEPT
GCA_028867755.1_ASM2886775v1_genomic.fna,112,6,6,0.00,0.0,DELETED (too few contigs)
GCA_028867815.1_ASM2886781v1_genomic.fna,213,105,105,38.06,12284.3,KEPT
GCA_028867835.1_ASM2886783v1_genomic.fna,109,85,85,36.61,12908.1,KEPT
GCA_028868035.1_ASM2886803v1_genomic.fna,128,128,128,53.26,14303.5,KEPT
GCA_028867955.1_ASM2886795v1_genomic.fna,87,87,87,53.36,21358.4,KEPT
GCA_028867785.1_ASM2886778v1_genomic.fna,327,110,110,42.59,21819.9,KEPT
GCA_028868055.1_ASM2886805v1_genomic.fna,33,33,33,53.42,54617.4,KEPT
GCA_028868075.1_ASM2886807v1_genomic.fna,55,55,55,53.31,34630.6,KEPT
GCA_028867375.1_ASM2886737v1_genomic.fna,150,84,84,67.41,42796.2,KEPT
GCA_028868095.1_ASM2886809v1_genomic.fna,95,95,95,52.06,20399.4,KEPT
GCA_029207715.1_ASM2920771v1_genomic.fna,1,1,1,0.00,0.0,DELETED (too few contigs)
GCA_029207735.1_ASM2920773v1_genomic.fna,1,1,1,0.00,0.0,DELETED (too few contigs)
GCA_028868125.1_ASM2886812v1_genomic.fna,199,199,199,52.22,8515.0,KEPT
GCA_028868175.1_ASM2886817v1_genomic.fna,168,168,168,52.57,10155.2,KEPT
GCA_028868105.1_ASM2886810v1_genomic.fna,71,71,71,51.98,27595.1,KEPT
GCA_029225785.1_ASM2922578v1_genomic.fna,4,4,0,0.00,0.0,FAILED (CD-HIT)
GCA_029229925.1_ASM2922992v1_genomic.fna,1,1,1,0.00,0.0,DELETED (too few contigs)
GCA_029232205.1_ASM2923220v1_genomic.fna,1,1,1,0.00,0.0,DELETED (too few contigs)
GCA_029232225.1_ASM2923222v1_genomic.fna,5,5,0,0.00,0.0,FAILED (CD-HIT)
GCA_029210685.1_ASM2921068v1_genomic.fna,74,56,56,46.10,32217.9,KEPT
GCA_029259345.1_ASM2925934v1_genomic.fna,88,88,88,43.87,16889.8,KEPT
GCA_029211005.1_ASM2921100v1_genomic.fna,131,73,73,45.69,27650.4,KEPT
GCA_029278565.1_ASM2927856v1_genomic.fna,4,4,0,0.00,0.0,FAILED (CD-HIT)
GCA_029338195.1_ASM2933819v1_genomic.fna,3,3,0,0.00,0.0,FAILED (CD-HIT)
GCA_029338215.1_ASM2933821v1_genomic.fna,3,3,0,0.00,0.0,FAILED (CD-HIT)
GCA_029338235.1_ASM2933823v1_genomic.fna,2,2,0,0.00,0.0,FAILED (CD-HIT)
GCA_029338255.1_ASM2933825v1_genomic.fna,2,2,0,0.00,0.0,FAILED (CD-HIT)
GCA_029338275.1_ASM2933827v1_genomic.fna,2,2,0,0.00,0.0,FAILED (CD-HIT)
GCA_029338295.1_ASM2933829v1_genomic.fna,3,3,0,0.00,0.0,FAILED (CD-HIT)
GCA_029338315.1_ASM2933831v1_genomic.fna,2,2,0,0.00,0.0,FAILED (CD-HIT)
GCA_029338335.1_ASM2933833v1_genomic.fna,6,6,0,0.00,0.0,FAILED (CD-HIT)
GCA_029338355.1_ASM2933835v1_genomic.fna,2,2,0,0.00,0.0,FAILED (CD-HIT)
GCA_029338375.1_ASM2933837v1_genomic.fna,5,5,0,0.00,0.0,FAILED (CD-HIT)
GCA_029338395.1_ASM2933839v1_genomic.fna,5,5,0,0.00,0.0,FAILED (CD-HIT)
GCA_029338515.1_ASM2933851v1_genomic.fna,1,1,1,0.00,0.0,DELETED (too few contigs)
GCA_029338555.1_ASM2933855v1_genomic.fna,3,3,0,0.00,0.0,FAILED (CD-HIT)
GCA_029338575.1_ASM2933857v1_genomic.fna,4,4,0,0.00,0.0,FAILED (CD-HIT)
GCA_029489995.1_ASM2948999v1_genomic.fna,3,3,0,0.00,0.0,FAILED (CD-HIT)
GCA_029490015.1_ASM2949001v1_genomic.fna,2,2,0,0.00,0.0,FAILED (CD-HIT)
GCA_029259535.1_ASM2925953v1_genomic.fna,89,88,88,51.47,21710.9,KEPT
GCA_030296715.1_ASM3029671v1_genomic.fna,1,1,1,0.00,0.0,DELETED (too few contigs)
GCA_030296735.1_ASM3029673v1_genomic.fna,2,2,0,0.00,0.0,FAILED (CD-HIT)
GCA_044358425.1_ASM4435842v1_genomic.fna,1,0,0,0.00,0.0,DELETED (empty after filtering)
GCA_900003505.1_ASM90000350v1_genomic.fna,16,15,0,0.00,0.0,FAILED (CD-HIT)
GCA_900003515.1_ASM90000351v1_genomic.fna,10,9,0,0.00,0.0,FAILED (CD-HIT)
GCA_900003525.1_ASM90000352v1_genomic.fna,12,10,0,0.00,0.0,FAILED (CD-HIT)
GCA_900003565.1_ASM90000356v1_genomic.fna,10,9,0,0.00,0.0,FAILED (CD-HIT)
GCA_900003575.1_ASM90000357v1_genomic.fna,18,17,0,0.00,0.0,FAILED (CD-HIT)
GCA_900004275.1_ASM90000427v1_genomic.fna,11,10,0,0.00,0.0,FAILED (CD-HIT)
GCA_900005775.1_ASM90000577v1_genomic.fna,15,14,0,0.00,0.0,FAILED (CD-HIT)
GCA_900012635.1_Pyrococcus_chitonophagus_genome_sequence_genomic.fna,1,1,1,0.00,0.0,DELETED (too few contigs)
GCA_029259545.1_ASM2925954v1_genomic.fna,89,85,85,53.12,20947.7,KEPT
GCA_900036045.1_Methanoculleus_sp_MAB1_genomic.fna,1,1,1,0.00,0.0,DELETED (too few contigs)
GCA_900065925.1_NDEV.embl.gz_genomic.fna,1,1,1,0.00,0.0,DELETED (too few contigs)
GCA_900079115.1_SSOP1_genomic.fna,1,1,1,0.00,0.0,DELETED (too few contigs)
GCA_900079125.1_MBBA_genomic.fna,1,1,1,0.00,0.0,DELETED (too few contigs)
GCA_900083515.1_ASM90008351v1_genomic.fna,1,1,1,0.00,0.0,DELETED (too few contigs)
GCA_900090055.1_C.divulgatum_PM4_genomic.fna,1,1,1,0.00,0.0,DELETED (too few contigs)
GCA_900095295.1_MCBB_genomic.fna,2,2,0,0.00,0.0,FAILED (CD-HIT)
GCA_900095815.1_SIV6_genomic.fna,1,1,1,0.00,0.0,DELETED (too few contigs)
GCA_029210805.1_ASM2921080v1_genomic.fna,699,699,699,42.78,5760.9,KEPT
GCA_900025055.1_Methanoculleus_bin_genome_genomic.fna,161,161,161,59.45,13665.9,KEPT
GCA_900100385.1_IMG-taxon_2651870124_annotated_assembly_genomic.fna,56,56,56,61.02,58698.5,KEPT
GCA_900100715.1_IMG-taxon_2642422561_annotated_assembly_genomic.fna,20,20,20,40.23,147395.4,KEPT
GCA_029530365.1_ASM2953036v1_genomic.fna,76,75,75,64.93,49485.4,KEPT
GCA_900101245.1_IMG-taxon_2651869596_annotated_assembly_genomic.fna,135,135,135,60.98,28994.6,KEPT
GCA_900103415.1_IMG-taxon_2593339167_annotated_assembly_genomic.fna,48,46,46,36.49,58412.4,KEPT
GCA_900104065.1_IMG-taxon_2636416047_annotated_assembly_genomic.fna,9,9,0,0.00,0.0,FAILED (CD-HIT)
GCA_900102375.1_IMG-taxon_2617270761_annotated_assembly_genomic.fna,25,25,25,68.25,130455.2,KEPT
GCA_900102305.1_IMG-taxon_2651870125_annotated_assembly_genomic.fna,55,55,55,64.95,73312.7,KEPT
GCA_900103505.1_IMG-taxon_2651870127_annotated_assembly_genomic.fna,73,73,73,67.31,51624.7,KEPT
GCA_900108095.1_IMG-taxon_2617270925_annotated_assembly_genomic.fna,6,6,0,0.00,0.0,FAILED (CD-HIT)
GCA_900108165.1_IMG-taxon_2619618869_annotated_assembly_genomic.fna,11,11,0,0.00,0.0,FAILED (CD-HIT)
GCA_900106715.1_IMG-taxon_2693429892_annotated_assembly_genomic.fna,55,54,54,61.79,72098.5,KEPT
GCA_900107665.1_IMG-taxon_2617270898_annotated_assembly_genomic.fna,10,10,10,65.10,277685.9,KEPT
GCA_900107205.1_IMG-taxon_2654587885_annotated_assembly_genomic.fna,27,27,27,65.48,126833.0,KEPT
GCA_900109425.1_IMG-taxon_2654588132_annotated_assembly_genomic.fna,3,3,3,0.00,0.0,DELETED (too few contigs)
GCA_900110455.1_IMG-taxon_2671180170_annotated_assembly_genomic.fna,8,8,0,0.00,0.0,FAILED (CD-HIT)
GCA_900108505.1_IMG-taxon_2651870118_annotated_assembly_genomic.fna,41,41,41,64.48,76507.9,KEPT
GCA_900109695.1_IMG-taxon_2639762639_annotated_assembly_genomic.fna,24,23,23,61.69,166987.3,KEPT
GCA_900110215.1_IMG-taxon_2654588107_annotated_assembly_genomic.fna,121,121,121,63.46,40245.9,KEPT
GCA_900110465.1_IMG-taxon_2617270928_annotated_assembly_genomic.fna,61,60,60,63.00,85220.4,KEPT
GCA_900111645.1_IMG-taxon_2642422537_annotated_assembly_genomic.fna,15,15,15,43.41,154323.1,KEPT
GCA_900111485.1_IMG-taxon_2642422550_annotated_assembly_genomic.fna,92,91,91,61.07,43180.0,KEPT
GCA_900114435.1_IMG-taxon_2667527389_annotated_assembly_genomic.fna,6,6,0,0.00,0.0,FAILED (CD-HIT)
GCA_900114455.1_IMG-taxon_2619618990_annotated_assembly_genomic.fna,17,17,0,0.00,0.0,FAILED (CD-HIT)
GCA_900114585.1_IMG-taxon_2593339150_annotated_assembly_genomic.fna,49,49,49,26.80,43315.2,KEPT
GCA_900110865.1_IMG-taxon_2639762573_annotated_assembly_genomic.fna,11,11,11,64.92,441547.0,KEPT
GCA_900111935.1_IMG-taxon_2617270732_annotated_assembly_genomic.fna,9,9,9,0.00,0.0,DELETED (too few contigs)
GCA_900114835.1_IMG-taxon_2642422540_annotated_assembly_genomic.fna,18,18,17,42.56,182672.5,KEPT
GCA_900116525.1_IMG-taxon_2595698250_annotated_assembly_genomic.fna,23,23,23,41.27,134808.8,KEPT
GCA_900156425.1_IMG-taxon_2681812914_annotated_assembly_genomic.fna,11,11,0,0.00,0.0,FAILED (CD-HIT)
GCA_900112205.1_IMG-taxon_2693429869_annotated_assembly_genomic.fna,31,30,30,65.44,149682.0,KEPT
GCA_900167955.1_ASM90016795v1_genomic.fna,19,19,19,35.98,81745.2,KEPT
GCA_900177045.1_Candidatus_Nitrosotalea_koreensis_CS_whole_genome_genomic.fna,1,1,1,0.00,0.0,DELETED (too few contigs)
GCA_900198835.1_chr_EXT12c_genomic.fna,1,1,1,0.00,0.0,DELETED (too few contigs)
GCA_900248165.1_Nitrosocaldus_cavascurensis_SCU2_chromosome_genomic.fna,1,1,1,0.00,0.0,DELETED (too few contigs)
GCA_900289035.1_PRJEB24872_genomic.fna,106,100,100,27.72,21189.7,KEPT
GCA_900313195.1_Rumen_uncultured_genome_RUG787_genomic.fna,290,290,290,37.31,5508.4,KEPT
GCA_900115785.1_IMG-taxon_2617270895_annotated_assembly_genomic.fna,8,8,8,0.00,0.0,DELETED (too few contigs)
GCA_900313645.1_Rumen_uncultured_genome_RUG823_genomic.fna,190,190,190,36.10,7495.9,KEPT
GCA_900129775.1_IMG-taxon_2695420988_annotated_assembly_genomic.fna,16,15,15,68.57,213553.5,KEPT
GCA_900313245.1_Rumen_uncultured_genome_RUG780_genomic.fna,194,194,194,30.82,9109.7,KEPT
GCA_900313755.1_Rumen_uncultured_genome_RUG833_genomic.fna,137,137,137,33.62,18086.0,KEPT
GCA_900314605.1_Rumen_uncultured_genome_RUG012_genomic.fna,103,103,103,25.94,22974.7,KEPT
GCA_900314545.1_Rumen_uncultured_genome_RUG011_genomic.fna,194,194,194,25.92,12804.8,KEPT
GCA_900314615.1_Rumen_uncultured_genome_RUG018_genomic.fna,57,57,57,34.10,42659.2,KEPT
GCA_900314695.1_Rumen_uncultured_genome_RUG031_genomic.fna,61,61,61,32.68,38103.8,KEPT
GCA_900156475.1_IMG-taxon_2681812919_annotated_assembly_genomic.fna,62,61,61,60.95,68940.6,KEPT
GCA_900314635.1_Rumen_uncultured_genome_RUG020_genomic.fna,36,36,36,33.99,63492.1,KEPT
GCA_900315215.1_Rumen_uncultured_genome_RUG076_genomic.fna,23,23,23,29.14,81009.5,KEPT
GCA_900315355.1_Rumen_uncultured_genome_RUG092_genomic.fna,86,86,86,32.85,27028.1,KEPT
GCA_900315685.1_Rumen_uncultured_genome_RUG121_genomic.fna,205,205,205,25.87,11642.7,KEPT
GCA_900315655.1_Rumen_uncultured_genome_RUG120_genomic.fna,159,159,159,26.00,16197.8,KEPT
GCA_900316425.1_Rumen_uncultured_genome_RUG186_genomic.fna,151,151,151,31.40,16476.6,KEPT
GCA_900316635.1_Rumen_uncultured_genome_RUG201_genomic.fna,97,97,97,34.46,19796.7,KEPT
GCA_900316895.1_Rumen_uncultured_genome_RUG236_genomic.fna,147,147,147,36.48,12981.6,KEPT
GCA_900317075.1_Rumen_uncultured_genome_RUG256_genomic.fna,133,133,133,33.29,13582.6,KEPT
GCA_900319875.1_Rumen_uncultured_genome_RUG526_genomic.fna,245,245,245,32.61,7103.9,KEPT
GCA_900319535.1_Rumen_uncultured_genome_RUG492_genomic.fna,200,200,200,31.13,10192.5,KEPT
GCA_900317865.1_Rumen_uncultured_genome_RUG338_genomic.fna,151,151,151,31.57,15111.1,KEPT
GCA_900318035.1_Rumen_uncultured_genome_RUG344_genomic.fna,56,56,56,35.15,40864.1,KEPT
GCA_900320515.1_Rumen_uncultured_genome_RUG593_genomic.fna,69,69,69,36.94,30660.0,KEPT
GCA_900696045.1_Nitrosocosmicus_franklandus_C13_genomic.fna,1,1,1,0.00,0.0,DELETED (too few contigs)
GCA_900319985.1_Rumen_uncultured_genome_RUG545_genomic.fna,98,98,98,33.88,22660.5,KEPT
GCA_902381785.1_UHGG_MGYG-HGUT-01639_genomic.fna,8,8,0,0.00,0.0,FAILED (CD-HIT)
GCA_902383905.1_UHGG_MGYG-HGUT-02160_genomic.fna,1,1,1,0.00,0.0,DELETED (too few contigs)
GCA_902384015.1_UHGG_MGYG-HGUT-02164_genomic.fna,1,1,1,0.00,0.0,DELETED (too few contigs)
GCA_902384055.1_UHGG_MGYG-HGUT-02163_genomic.fna,10,2,2,0.00,0.0,DELETED (too few contigs)
GCA_902387285.1_UHGG_MGYG-HGUT-02456_genomic.fna,1,1,1,0.00,0.0,DELETED (too few contigs)
GCA_902505595.1_MAG_SS9_genomic.fna,96,96,96,48.93,7115.6,KEPT
GCA_900320955.1_Rumen_uncultured_genome_RUG648_genomic.fna,230,230,230,32.64,9964.8,KEPT
GCA_900654205.1_PRJEB30652_genomic.fna,14,10,10,31.20,171897.5,KEPT
GCA_902158745.1_MASP_genomic.fna,270,270,270,42.73,6495.8,KEPT
GCA_902755425.1_Rumen_uncultured_genome_RUG10064_genomic.fna,97,97,97,34.46,19796.7,KEPT
GCA_902757195.1_Rumen_uncultured_genome_RUG10238_genomic.fna,133,133,133,33.29,13582.6,KEPT
GCA_902755965.1_Rumen_uncultured_genome_RUG10116_genomic.fna,69,69,69,36.94,30660.0,KEPT
GCA_902756745.1_Rumen_uncultured_genome_RUG10188_genomic.fna,86,86,86,32.85,27028.1,KEPT
GCA_902757435.1_Rumen_uncultured_genome_RUG10261_genomic.fna,245,245,245,32.61,7103.9,KEPT
GCA_902757685.1_Rumen_uncultured_genome_RUG10284_genomic.fna,290,290,290,37.31,5508.4,KEPT
GCA_902757275.1_Rumen_uncultured_genome_RUG10244_genomic.fna,23,23,23,29.14,81009.5,KEPT
GCA_902758195.1_Rumen_uncultured_genome_RUG10339_genomic.fna,190,190,190,36.10,7495.9,KEPT
GCA_902757365.1_Rumen_uncultured_genome_RUG10252_genomic.fna,36,36,36,33.99,63492.1,KEPT
GCA_902758075.1_Rumen_uncultured_genome_RUG10318_genomic.fna,98,98,98,33.88,22660.5,KEPT
GCA_902758515.1_Rumen_uncultured_genome_RUG10376_genomic.fna,230,230,230,32.64,9964.8,KEPT
GCA_902759165.1_Rumen_uncultured_genome_RUG10434_genomic.fna,200,200,200,31.13,10192.5,KEPT
GCA_902758945.1_Rumen_uncultured_genome_RUG10414_genomic.fna,57,57,57,34.10,42659.2,KEPT
GCA_902758425.1_Rumen_uncultured_genome_RUG10359_genomic.fna,159,159,159,26.00,16197.8,KEPT
GCA_902759285.1_Rumen_uncultured_genome_RUG10452_genomic.fna,166,166,166,31.33,15255.1,KEPT
GCA_902759195.1_Rumen_uncultured_genome_RUG10437_genomic.fna,244,244,244,26.06,12065.3,KEPT
GCA_902759475.1_Rumen_uncultured_genome_RUG10470_genomic.fna,56,56,56,35.15,40864.1,KEPT
GCA_902759335.1_Rumen_uncultured_genome_RUG10447_genomic.fna,205,205,205,25.87,11642.7,KEPT
GCA_902760885.1_Rumen_uncultured_genome_RUG10606_genomic.fna,111,111,111,60.57,14075.6,KEPT
GCA_902762085.1_Rumen_uncultured_genome_RUG10738_genomic.fna,253,253,253,32.96,8294.6,KEPT
GCA_902762445.1_Rumen_uncultured_genome_RUG10759_genomic.fna,169,169,169,32.67,12027.0,KEPT
GCA_902762095.1_Rumen_uncultured_genome_RUG10736_genomic.fna,342,342,342,30.72,8191.9,KEPT
GCA_902762245.1_Rumen_uncultured_genome_RUG10743_genomic.fna,66,66,66,36.89,35370.6,KEPT
GCA_902763685.1_Rumen_uncultured_genome_RUG10898_genomic.fna,89,89,89,56.15,17287.0,KEPT
GCA_902763115.1_Rumen_uncultured_genome_RUG10830_genomic.fna,64,64,64,32.79,33256.7,KEPT
GCA_902763935.1_Rumen_uncultured_genome_RUG10917_genomic.fna,337,337,337,31.11,6685.6,KEPT
GCA_902764015.1_Rumen_uncultured_genome_RUG10921_genomic.fna,156,156,156,40.54,12714.7,KEPT
GCA_902765105.1_Rumen_uncultured_genome_RUG11035_genomic.fna,192,192,192,30.86,9357.2,KEPT
GCA_902765275.1_Rumen_uncultured_genome_RUG11042_genomic.fna,134,134,134,32.34,12577.6,KEPT
GCA_902765435.1_Rumen_uncultured_genome_RUG11063_genomic.fna,247,247,247,32.86,7727.8,KEPT
GCA_902767825.1_Rumen_uncultured_genome_RUG11303_genomic.fna,210,210,210,37.28,9419.4,KEPT
GCA_902764425.1_Rumen_uncultured_genome_RUG10959_genomic.fna,240,240,240,31.07,12948.6,KEPT
GCA_902764455.1_Rumen_uncultured_genome_RUG10962_genomic.fna,85,85,85,32.57,32359.2,KEPT
GCA_902768765.1_Rumen_uncultured_genome_RUG11386_genomic.fna,326,326,326,30.50,7442.6,KEPT
GCA_902769065.1_Rumen_uncultured_genome_RUG11418_genomic.fna,259,259,259,30.84,7599.1,KEPT
GCA_902769795.1_Rumen_uncultured_genome_RUG11503_genomic.fna,179,179,179,37.15,10546.3,KEPT
GCA_902768855.1_Rumen_uncultured_genome_RUG11403_genomic.fna,112,112,112,26.08,21795.8,KEPT
GCA_902770085.1_Rumen_uncultured_genome_RUG11531_genomic.fna,209,209,209,30.69,11577.6,KEPT
GCA_902770715.1_Rumen_uncultured_genome_RUG11588_genomic.fna,86,86,86,34.42,24630.8,KEPT
GCA_902771355.1_Rumen_uncultured_genome_RUG11662_genomic.fna,348,348,348,34.37,4869.9,KEPT
GCA_902769175.1_Rumen_uncultured_genome_RUG11428_genomic.fna,65,65,65,30.90,48075.7,KEPT
GCA_902770905.1_Rumen_uncultured_genome_RUG11608_genomic.fna,143,143,143,32.37,16686.2,KEPT
GCA_902774505.1_Rumen_uncultured_genome_RUG11980_genomic.fna,251,251,251,33.83,7876.0,KEPT
GCA_902771225.1_Rumen_uncultured_genome_RUG11657_genomic.fna,122,122,122,30.76,19338.8,KEPT
GCA_902775005.1_Rumen_uncultured_genome_RUG12025_genomic.fna,179,179,179,32.05,9355.2,KEPT
GCA_902774605.1_Rumen_uncultured_genome_RUG11987_genomic.fna,108,108,108,38.99,19799.0,KEPT
GCA_902774685.1_Rumen_uncultured_genome_RUG11990_genomic.fna,61,61,61,32.42,33885.1,KEPT
GCA_902776105.1_Rumen_uncultured_genome_RUG12136_genomic.fna,165,165,165,60.83,8707.5,KEPT
GCA_902775675.1_Rumen_uncultured_genome_RUG12086_genomic.fna,225,225,225,32.94,9908.0,KEPT
GCA_902775725.1_Rumen_uncultured_genome_RUG12100_genomic.fna,49,49,49,31.92,39448.6,KEPT
GCA_902777105.1_Rumen_uncultured_genome_RUG12237_genomic.fna,285,285,285,33.84,6370.4,KEPT
GCA_902777245.1_Rumen_uncultured_genome_RUG12248_genomic.fna,97,97,97,60.96,15895.2,KEPT
GCA_902774705.1_Rumen_uncultured_genome_RUG11996_genomic.fna,215,215,215,32.48,14761.7,KEPT
GCA_902776255.1_Rumen_uncultured_genome_RUG12155_genomic.fna,183,183,183,33.91,12895.3,KEPT
GCA_902778345.1_Rumen_uncultured_genome_RUG12365_genomic.fna,256,256,256,38.43,5937.9,KEPT
GCA_902777885.1_Rumen_uncultured_genome_RUG12316_genomic.fna,282,282,282,32.84,6265.7,KEPT
GCA_902777475.1_Rumen_uncultured_genome_RUG12275_genomic.fna,196,196,196,34.07,10360.8,KEPT
GCA_902780425.1_Rumen_uncultured_genome_RUG12567_genomic.fna,142,142,142,32.14,12406.9,KEPT
GCA_902781205.1_Rumen_uncultured_genome_RUG12650_genomic.fna,82,82,82,60.60,19363.5,KEPT
GCA_902781165.1_Rumen_uncultured_genome_RUG12644_genomic.fna,210,210,210,30.78,8743.4,KEPT
GCA_902781415.1_Rumen_uncultured_genome_RUG12670_genomic.fna,94,94,94,61.09,15796.2,KEPT
GCA_902781365.1_Rumen_uncultured_genome_RUG12666_genomic.fna,244,244,244,34.40,7873.9,KEPT
GCA_902784455.1_Rumen_uncultured_genome_RUG12982_genomic.fna,211,211,211,32.75,9740.4,KEPT
GCA_902784295.1_Rumen_uncultured_genome_RUG12954_genomic.fna,51,51,51,32.60,44524.9,KEPT
GCA_902778875.1_Rumen_uncultured_genome_RUG12411_genomic.fna,109,109,109,30.42,27232.6,KEPT
GCA_902785715.1_Rumen_uncultured_genome_RUG13099_genomic.fna,189,189,189,31.74,8339.6,KEPT
GCA_902785665.1_Rumen_uncultured_genome_RUG13094_genomic.fna,246,246,246,34.48,7169.7,KEPT
GCA_902784715.1_Rumen_uncultured_genome_RUG12995_genomic.fna,95,95,95,32.49,26741.6,KEPT
GCA_902785165.1_Rumen_uncultured_genome_RUG13036_genomic.fna,121,121,121,32.94,18126.5,KEPT
GCA_902787415.1_Rumen_uncultured_genome_RUG13270_genomic.fna,166,166,166,59.35,7420.2,KEPT
GCA_902786095.1_Rumen_uncultured_genome_RUG13139_genomic.fna,140,140,140,29.19,13170.5,KEPT
GCA_902786715.1_Rumen_uncultured_genome_RUG13199_genomic.fna,99,99,99,38.33,16776.1,KEPT
GCA_902785855.1_Rumen_uncultured_genome_RUG13115_genomic.fna,137,137,137,28.97,15733.1,KEPT
GCA_902788045.1_Rumen_uncultured_genome_RUG13330_genomic.fna,248,248,248,34.17,7967.3,KEPT
GCA_902788915.1_Rumen_uncultured_genome_RUG13413_genomic.fna,197,197,197,59.19,5142.8,KEPT
GCA_902788475.1_Rumen_uncultured_genome_RUG13374_genomic.fna,77,77,77,60.97,19275.9,KEPT
GCA_902788255.1_Rumen_uncultured_genome_RUG13354_genomic.fna,69,69,69,35.74,31838.0,KEPT
GCA_902789165.1_Rumen_uncultured_genome_RUG13441_genomic.fna,196,196,196,32.56,9958.2,KEPT
GCA_902789505.1_Rumen_uncultured_genome_RUG13476_genomic.fna,109,109,109,35.05,17382.6,KEPT
GCA_902789715.1_Rumen_uncultured_genome_RUG13492_genomic.fna,253,253,253,34.14,6825.7,KEPT
GCA_902788375.1_Rumen_uncultured_genome_RUG13366_genomic.fna,351,350,350,32.44,7951.6,KEPT
GCA_902791645.1_Rumen_uncultured_genome_RUG13687_genomic.fna,149,149,149,61.26,9125.7,KEPT
GCA_902791535.1_Rumen_uncultured_genome_RUG13677_genomic.fna,87,87,87,33.15,22218.4,KEPT
GCA_902790605.1_Rumen_uncultured_genome_RUG13586_genomic.fna,170,170,170,25.84,12415.1,KEPT
GCA_902792995.1_Rumen_uncultured_genome_RUG13823_genomic.fna,131,131,131,25.76,15459.6,KEPT
GCA_902793735.1_Rumen_uncultured_genome_RUG13892_genomic.fna,68,68,68,32.23,26428.1,KEPT
GCA_902793795.1_Rumen_uncultured_genome_RUG13902_genomic.fna,301,301,301,34.02,6203.6,KEPT
GCA_902794865.1_Rumen_uncultured_genome_RUG14013_genomic.fna,188,188,188,55.80,7161.8,KEPT
GCA_902794475.1_Rumen_uncultured_genome_RUG13973_genomic.fna,210,210,210,35.85,10831.7,KEPT
GCA_902798025.1_Rumen_uncultured_genome_RUG14331_genomic.fna,165,165,165,31.08,12322.4,KEPT
GCA_902795335.1_Rumen_uncultured_genome_RUG14054_genomic.fna,108,108,108,32.11,18367.2,KEPT
GCA_902798405.1_Rumen_uncultured_genome_RUG14366_genomic.fna,260,260,260,31.00,7061.9,KEPT
GCA_902798335.1_Rumen_uncultured_genome_RUG14349_genomic.fna,45,45,45,32.68,51177.8,KEPT
GCA_902798355.1_Rumen_uncultured_genome_RUG14362_genomic.fna,331,331,331,32.45,8108.5,KEPT
GCA_902799105.1_Rumen_uncultured_genome_RUG14438_genomic.fna,242,242,242,33.96,8389.6,KEPT
GCA_902799565.1_Rumen_uncultured_genome_RUG14484_genomic.fna,266,266,266,30.93,7969.5,KEPT
GCA_902798395.1_Rumen_uncultured_genome_RUG14364_genomic.fna,146,146,146,25.95,18696.1,KEPT
GCA_902800035.1_Rumen_uncultured_genome_RUG14542_genomic.fna,174,174,174,34.48,12001.1,KEPT
GCA_902800375.1_Rumen_uncultured_genome_RUG14563_genomic.fna,177,177,177,31.57,14040.1,KEPT
GCA_902800515.1_Rumen_uncultured_genome_RUG14577_genomic.fna,84,84,84,36.42,23456.5,KEPT
GCA_902799005.1_Rumen_uncultured_genome_RUG14427_genomic.fna,302,302,302,31.08,11854.1,KEPT
GCA_902801575.1_Rumen_uncultured_genome_RUG14686_genomic.fna,318,318,318,31.75,6600.8,KEPT
GCA_902800455.1_Rumen_uncultured_genome_RUG14569_genomic.fna,92,92,92,31.56,28045.4,KEPT
GCA_902801725.1_Rumen_uncultured_genome_RUG14697_genomic.fna,83,83,83,34.45,26039.7,KEPT
GCA_902801775.1_Rumen_uncultured_genome_RUG14703_genomic.fna,207,207,207,32.63,10049.3,KEPT
GCA_902800615.1_Rumen_uncultured_genome_RUG14594_genomic.fna,55,55,55,33.34,49303.8,KEPT
GCA_902813195.1_Essen_genomic.fna,1,1,1,0.00,0.0,DELETED (too few contigs)
GCA_902802035.1_Rumen_uncultured_genome_RUG14734_genomic.fna,60,60,60,31.46,37261.7,KEPT
GCA_902827205.1_Methanocaldococcus_lauensis_SG1_genomic.fna,1,1,1,0.00,0.0,DELETED (too few contigs)
GCA_902827225.1_Methanocaldococcus_lauensis_SG7_genomic.fna,2,2,2,0.00,0.0,DELETED (too few contigs)
GCA_902802295.1_Rumen_uncultured_genome_RUG14756_genomic.fna,165,165,165,33.30,10981.6,KEPT
GCA_903989495.1_D2T7_genomic.fna,840,840,840,46.82,2897.1,KEPT
GCA_902802065.1_Rumen_uncultured_genome_RUG14729_genomic.fna,61,61,61,34.19,36807.0,KEPT
GCA_904067545.1_T_caminus_IRI35c_genomic.fna,1,1,1,0.00,0.0,DELETED (too few contigs)
GCA_905171685.1_GoM-Arc1_E50_genomic.fna,1,1,1,0.00,0.0,DELETED (too few contigs)
GCA_905171695.1_GoM-Arc1_E37_genomic.fna,1,1,1,0.00,0.0,DELETED (too few contigs)
GCA_905171745.1_HotSEEP1_E50_genomic.fna,1,1,1,0.00,0.0,DELETED (too few contigs)
GCA_905171755.1_HotSEEP1_E37_genomic.fna,1,1,1,0.00,0.0,DELETED (too few contigs)
GCA_903989535.1_D2T31_genomic.fna,479,479,479,47.52,5705.5,KEPT
GCA_902826075.1_RBC071_genomic.fna,211,211,211,33.84,12297.2,KEPT
GCA_905233105.1_RUG30046_genomic.fna,125,125,125,36.55,19889.1,KEPT
GCA_905234905.1_RUG30194_genomic.fna,108,107,107,33.16,18672.0,KEPT
GCA_920984865.1_Q6268_genomic.fna,1,1,1,0.00,0.0,DELETED (too few contigs)
GCA_929200665.1_uncultured_MGIIa-L1_Thermoplasmatota_SW01_Bin13_genomic.fna,394,390,390,51.98,4003.0,KEPT
GCA_905235185.1_RUG30205_genomic.fna,146,146,146,30.98,14093.4,KEPT
GCA_905233225.1_RUG30013_genomic.fna,78,78,78,36.69,30670.4,KEPT
GCA_903989525.1_D2T1_genomic.fna,371,371,371,47.64,9733.8,KEPT
GCA_934833245.1_MTG232_bin.32.fa_genomic.fna,192,152,152,33.89,14091.6,KEPT
GCA_934836805.1_MTG234_bin.2.fa_genomic.fna,103,99,99,31.12,17047.8,KEPT
GCA_934834405.1_MTG232_bin.10.fa_genomic.fna,17,14,14,31.08,123771.7,KEPT
GCA_934841515.1_MTG233_bin.9.fa_genomic.fna,14,14,14,31.07,123719.1,KEPT
GCA_934859225.1_MTG236_bin.32.fa_genomic.fna,300,300,300,34.59,5290.7,KEPT
GCA_934846365.1_MTG235_bin.41.fa_genomic.fna,180,180,180,33.89,11959.0,KEPT
GCA_934854605.1_MTG237_bin.37.fa_genomic.fna,11,11,11,31.08,157616.7,KEPT
GCA_934860235.1_MTG237_bin.27.fa_genomic.fna,191,163,163,34.03,12413.7,KEPT
GCA_934864615.1_MTG236_bin.38.fa_genomic.fna,35,35,35,31.13,48825.0,KEPT
GCA_934864325.1_MTG235_bin.19.fa_genomic.fna,23,19,19,31.11,90683.2,KEPT
GCA_934876005.1_MTG247_bin.22.fa_genomic.fna,349,328,328,34.11,5666.0,KEPT
GCA_934869045.1_MTG243_bin.50.fa_genomic.fna,449,413,413,56.03,6460.7,KEPT
GCA_934876485.1_MTG240_bin.2.fa_genomic.fna,295,279,279,34.07,7825.1,KEPT
GCA_934876175.1_MTG246_bin.5.fa_genomic.fna,27,17,17,31.16,96491.5,KEPT
GCA_934879315.1_MTG248_bin.32.fa_genomic.fna,16,12,12,31.14,142814.8,KEPT
GCA_934881615.1_MTG247_bin.44.fa_genomic.fna,11,11,11,31.20,152082.1,KEPT
GCA_934882215.1_MTG240_bin.3.fa_genomic.fna,9,9,9,0.00,0.0,DELETED (too few contigs)
GCA_934883135.1_MTG246_bin.32.fa_genomic.fna,187,154,154,33.96,13960.2,KEPT
GCA_934882635.1_MTG239_bin.1.fa_genomic.fna,20,15,15,31.09,115738.5,KEPT
GCA_934882835.1_MTG238_bin.31.fa_genomic.fna,22,13,13,31.17,131400.2,KEPT
GCA_938050305.1_MaH-04nov19-232_genomic.fna,24,24,24,31.07,31575.3,KEPT
GCA_938049435.1_ZE-13mar17-56_genomic.fna,23,23,23,30.29,51356.5,KEPT
GCA_938049635.1_ZH-13may13-132_genomic.fna,25,25,25,30.26,46661.3,KEPT
GCA_946463545.1_Mth-DSM-2095-CCS-WG_genomic.fna,1,1,1,0.00,0.0,DELETED (too few contigs)
GCA_937868195.1_ERR2113688_bin.28_CONCOCT_v1.1_MAG_genomic.fna,45,45,45,53.00,54421.7,KEPT
GCA_943843335.1_20200414_METABAT_201_1-contigs.fa_genomic.fna,5,5,5,0.00,0.0,DELETED (too few contigs)
GCA_943841375.1_20200310_METABAT_380_1-contigs.fa_genomic.fna,4,4,4,0.00,0.0,DELETED (too few contigs)
