Filename,Original Contigs,After Filtering,GC Content (%),Avg Length,Status
GCA_018806925.1_FSU_Scostatum_1.0_genomic.fna,1282,1242,45.13,41146.9,KEPT
GCA_019693525.1_ASM1969352v1_genomic.fna,13423,5317,45.73,8385.1,KEPT
GCA_000310025.1_ASM31002v1_genomic.fna,1270,1059,52.52,177734.3,KEPT
GCA_000194455.1_ASM19445v1_genomic.fna,3,3,26.19,162355.3,KEPT
GCA_001939145.1_ASM193914v1_genomic.fna,9688,7443,49.48,31729.6,KEPT
GCA_018327485.1_Smic_1.0_genomic.fna,9829,8414,50.39,80727.0,KEPT
GCA_905231925.1_Smic_04-503SCI.03_genomic.fna,57558,46768,50.03,15962.7,KEPT
GCA_905231905.1_Spil_CCMP2461_genomic.fna,48302,44136,47.86,24451.8,KEPT
GCA_019702695.1_ASM1970269v1_genomic.fna,977563,69445,49.01,1685.8,KEPT
GCA_015146655.1_ASM1514665v1_genomic.fna,14177,3485,44.48,10575.3,KEPT
GCA_004359215.2_BlacSF5v2_genomic.fna,220,115,45.50,11283.3,KEPT
GCA_003640465.1_ASM364046v1_genomic.fna,7628,5444,45.46,12835.2,KEPT
GCA_003724065.1_Plhal710r1_genomic.fna,745,626,44.48,100448.7,KEPT
GCA_004380875.1_ASM438087v1_genomic.fna,1761,1552,44.64,42382.9,KEPT
GCA_900000015.1_Plasmopara_halstedii_genome_genomic.fna,3162,469,43.62,12379.3,KEPT
GCA_004137865.1_CPV_277_genomic.fna,9341,9341,49.88,5720.0,KEPT
GCA_004137885.1_CPV_302_genomic.fna,9277,9277,49.85,6133.9,KEPT
GCA_004137955.1_CPV_270_genomic.fna,8363,8363,49.91,6970.2,KEPT
GCA_004137965.1_CPV_262_genomic.fna,11754,11754,49.95,3468.7,KEPT
GCA_004137975.1_CPV_267_genomic.fna,11832,11832,49.86,4411.6,KEPT
GCA_004138045.1_CPV_219_genomic.fna,7579,7579,49.91,7769.6,KEPT
GCA_016618375.1_Pcap_4.1_genomic.fna,782,782,51.19,120429.7,KEPT
GCA_018292885.1_ASM1829288v1_genomic.fna,472,472,51.01,162795.1,KEPT
GCA_018292895.1_ASM1829289v1_genomic.fna,521,519,50.96,147635.8,KEPT
GCA_018292905.1_ASM1829290v1_genomic.fna,548,546,50.96,137052.0,KEPT
GCA_001314365.1_MP94-48v2_genomic.fna,5777,5775,53.96,9295.6,KEPT
GCA_001314505.1_NZFS3750v2_genomic.fna,6270,6269,53.99,8608.8,KEPT
GCA_002734105.1_DU054_v1_genomic.fna,14268,10245,52.90,5844.9,KEPT
GCA_002734125.1_WA94_v1_genomic.fna,10084,7581,53.33,8738.3,KEPT
GCA_018691715.1_ASM1869171v1_genomic.fna,133,132,54.01,827075.1,KEPT
GCA_000468175.2_ASM46817v2_genomic.fna,19533,5905,52.06,8028.7,KEPT
GCA_012552325.1_ASM1255232v1_genomic.fna,3344,3344,51.73,69062.6,KEPT
GCA_000509465.1_Phyt_para_CJ02B3_V1_genomic.fna,6489,6456,49.55,7421.5,KEPT
GCA_000509485.1_Phyt_para_CJ05E6_V1_genomic.fna,6813,6784,49.56,6974.6,KEPT
GCA_000509505.1_Phyt_para_CHvinca01_V1_genomic.fna,6724,6702,49.60,7122.5,KEPT
GCA_000509525.1_Phyt_para_IAC_01_95_V1_genomic.fna,6791,6776,49.57,7034.0,KEPT
GCA_001482985.1_ASM148298v1_genomic.fna,5317,5277,50.16,13441.4,KEPT
GCA_902369315.1_Lgu_genomic.fna,1,1,20.46,19624.0,KEPT
GCA_001483015.1_ASM148301v1_genomic.fna,6142,6142,50.05,13287.2,KEPT
GCA_003328465.1_ASM332846v1_genomic.fna,2004,1830,49.34,30631.2,KEPT
GCA_002215365.1_ASM221536v1_genomic.fna,24039,22867,48.80,4336.0,KEPT
GCA_002911725.1_ASM291172v1_genomic.fna,24809,23750,48.79,4443.8,KEPT
GCA_012932265.1_ASM1293226v1_genomic.fna,14421,14048,48.57,3992.2,KEPT
GCA_002286825.1_Lag_gig_ARSEF373_v1.0_genomic.fna,2779,1934,53.58,9980.7,KEPT
GCA_002980415.1_ASM298041v1_genomic.fna,25744,11734,53.85,4098.4,KEPT
GCA_000331325.2_Crithidia_fasciculata-14.0_genomic.fna,458,458,57.01,90168.9,KEPT
GCA_000438535.1_LeiAma1.0_genomic.fna,2627,2622,59.23,11047.9,KEPT
GCA_005317125.1_ASM531712v1_genomic.fna,34,34,59.50,945778.5,KEPT
GCA_003304975.1_IOC-L_3564_genomic.fna,1029,812,56.88,7605.6,KEPT
GCA_902369275.1_Lbraz_genomic.fna,1,1,20.08,17771.0,KEPT
GCA_000227135.2_ASM22713v2_genomic.fna,36,28,57.97,911422.9,KEPT
GCA_000470725.1_BHU1220_genomic.fna,36,28,57.84,922245.3,KEPT
GCA_001989955.1_ASM198995v1_genomic.fna,36,0,0.00,0.0,DELETED (empty or error)
GCA_001989975.1_ASM198997v1_genomic.fna,36,0,0.00,0.0,DELETED (empty or error)
GCA_002243465.1_ASM224346v1_genomic.fna,37,37,59.49,906645.3,KEPT
GCA_003719575.1_ASM371957v1_genomic.fna,36,36,59.75,915551.8,KEPT
GCA_900635355.2_LDHU3_new_genomic.fna,36,36,59.77,917662.9,KEPT
GCA_000410755.2_Leishmania_enrietti_LEM3045-1.0.2_genomic.fna,495,474,58.62,64582.8,KEPT
GCA_017916305.1_LU_Lenr_1.0_genomic.fna,54,53,59.57,628640.4,KEPT
GCA_020783415.1_ASM2078341v1_genomic.fna,36,36,59.48,912634.2,KEPT
GCA_003067545.1_MHOM_LB_2017_IK_genomic.fna,9499,2195,58.60,9817.1,KEPT
GCA_003352575.1_MHOM_LB_2015_IK_genomic.fna,17013,4550,59.99,6090.0,KEPT
GCA_014139745.1_CDC_Ltropica216-162_v1_genomic.fna,43,43,59.67,760480.7,KEPT
GCA_003020905.1_ASM302090v1_genomic.fna,36,36,59.57,889142.7,KEPT
GCA_003671315.1_HUUFS14_genomic.fna,2507,2021,59.49,15994.3,KEPT
GCA_020705095.1_ASM2070509v1_genomic.fna,83,83,59.58,380231.0,KEPT
GCA_900500625.2_LINF_genomic.fna,36,36,59.74,911201.3,KEPT
GCA_902369335.1_Linf_genomic.fna,1,1,22.33,17897.0,KEPT
GCA_902369305.1_Lad_genomic.fna,1,1,21.76,19219.0,KEPT
GCA_001403675.1_Leishmania_peruviana_PAB-4377_V1_genomic.fna,37,1,53.45,1594157.0,KEPT
GCA_001403695.1_Leishmania_peruviana_LEM-1537_V1_genomic.fna,37,0,0.00,0.0,DELETED (empty or error)
GCA_001299535.1_ASM129953v1_genomic.fna,1216,875,55.46,31233.6,KEPT
GCA_019096175.1_IZB_EATRO1125_Draft_genome_1.0_genomic.fna,696,696,42.79,92118.2,KEPT
GCA_000209065.1_ASM20906v1_genomic.fna,29495,11042,51.29,6796.6,KEPT
GCA_003594385.1_ASM359438v1_genomic.fna,7855,1554,47.04,9981.4,KEPT
GCA_003594405.1_ASM359440v1_genomic.fna,6664,2415,47.46,7650.5,KEPT
GCA_002893485.1_ASM289348v1_genomic.fna,671,663,51.88,67276.8,KEPT
GCA_000193105.1_Acas_2.0_genomic.fna,1521,582,58.22,77952.0,KEPT
GCA_003594425.1_ASM359442v1_genomic.fna,7145,1310,47.02,11062.7,KEPT
GCA_003594445.1_ASM359444v1_genomic.fna,7134,1729,47.27,11436.1,KEPT
GCA_003594465.1_ASM359446v1_genomic.fna,6967,2504,47.56,7241.4,KEPT
GCA_003594485.1_ASM359448v1_genomic.fna,6884,2440,47.62,7352.4,KEPT
GCA_003594585.1_ASM359458v1_genomic.fna,9197,1825,47.25,10370.7,KEPT
GCA_003594605.1_ASM359460v1_genomic.fna,8588,1970,47.34,6972.1,KEPT
GCA_003594625.1_ASM359462v1_genomic.fna,9338,9332,50.85,3302.5,KEPT
GCA_003594645.1_ASM359464v1_genomic.fna,8952,8949,50.63,3349.0,KEPT
GCA_003594685.1_ASM359468v1_genomic.fna,10224,10205,50.89,1856.9,KEPT
GCA_003594705.1_ASM359470v1_genomic.fna,4971,910,47.53,6187.6,KEPT
GCA_003594715.1_ASM359471v1_genomic.fna,6946,1651,48.65,3157.6,KEPT
GCA_003719155.1_ASM371915v1_genomic.fna,7764,3776,52.45,2564.4,KEPT
GCA_003719455.1_ASM371945v1_genomic.fna,1450,819,48.36,20175.0,KEPT
GCA_013358655.1_ASM1335865v1_genomic.fna,923,923,51.19,44205.1,KEPT
GCA_015033625.1_ASM1503362v1_genomic.fna,402,400,51.55,113888.2,KEPT
GCA_015033655.1_ASM1503365v1_genomic.fna,266,262,51.55,180195.5,KEPT
GCA_015455285.1_SC43_diploid_1.0_genomic.fna,1235,1208,51.52,66117.8,KEPT
GCA_900252365.1_TcIII_231rod_genomic.fna,8469,3707,49.32,6039.4,KEPT
GCA_001457755.2_Trypanosoma_equiperdum_OVI_V2_genomic.fna,2026,1959,45.78,13321.9,KEPT
GCA_917563935.1_Assembly1_genomic.fna,13,13,46.53,1956320.0,KEPT
GCA_003719475.1_ASM371947v1_genomic.fna,1080,997,51.59,20783.2,KEPT
GCA_900497135.1_HGAP3_Tb427v9_genomic.fna,400,400,43.78,131412.8,KEPT
GCA_000333855.2_Endotrypanum_monterogeii-LV88-1.0.3_genomic.fna,1959,491,51.88,63728.4,KEPT
GCA_018683865.1_OSU_Emon_ATCC30507_v1_genomic.fna,1821,1248,52.43,24029.5,KEPT
GCA_000002435.2_UU_WB_2.1_genomic.fna,35,34,49.71,237045.1,KEPT
GCA_009192805.1_ASM919280v1_genomic.fna,509,483,48.41,21007.6,KEPT
GCA_009192825.1_ASM919282v1_genomic.fna,480,454,48.40,22481.6,KEPT
GCA_900069105.1_Giardia_intestinalis_isolate_AS98_genomic.fna,232,55,55.58,2623.5,KEPT
GCA_902209425.1_cyste1_genomic.fna,3388,812,45.41,12951.3,KEPT
GCA_902221465.1_cyste2_genomic.fna,3269,781,40.43,13325.9,KEPT
GCA_902221485.1_cyste4_genomic.fna,2885,764,40.44,13633.9,KEPT
GCA_902221515.1_cyste3_genomic.fna,3651,825,45.38,12690.0,KEPT
GCA_902221535.1_pool5_genomic.fna,3489,813,40.42,12870.6,KEPT
GCA_902221545.1_pool8_genomic.fna,3917,893,45.07,12178.9,KEPT
GCA_006247105.1_UU_GM_1.1_genomic.fna,59,59,54.71,165727.5,KEPT
GCA_015099795.1_ASM1509979v1_genomic.fna,39,39,23.96,689207.4,KEPT
GCA_000826485.1_Acanthamoeba_castellanii_genomic.fna,221748,26990,58.20,2737.2,KEPT
GCA_000826345.1_Acanthamoeba_polyphaga_genomic.fna,224482,27362,58.67,2866.8,KEPT
GCA_000004985.1_V1.0_genomic.fna,784,495,32.60,52257.5,KEPT
GCA_000499105.1_Naegleria_fowleri_1.0_genomic.fna,574,430,36.42,62422.4,KEPT
GCA_008403515.1_ASM840351v1_genomic.fna,83,83,36.87,356023.2,KEPT
GCA_014843625.1_ASM1484362v1_genomic.fna,37,37,36.85,756606.1,KEPT
GCA_020891285.1_Nfowleri_kurume_1.0_genomic.fna,2494,900,36.79,30209.4,KEPT
GCA_902703645.1_NF_genomic.fna,399,388,36.85,70931.4,KEPT
GCA_020696425.1_ASM2069642v1_genomic.fna,150,150,42.51,263503.2,KEPT
GCA_000190715.1_v1.0_genomic.fna,799,788,24.39,41624.2,KEPT
GCA_003640415.1_KYO_Dpur_P1Ba_4_genomic.fna,2210,521,23.78,17166.5,KEPT
GCA_000413255.3_Physarum_polycephalum-10.0_genomic.fna,69687,6147,43.86,7354.7,KEPT
GCA_000499425.1_EAH001_genomic.fna,3415,3385,48.21,13522.6,KEPT
GCA_000002835.1_ASM283v1_genomic.fna,1,0,0.00,0.0,DELETED (empty or error)
GCA_000499545.1_ETH001_genomic.fna,4664,3206,50.71,14863.9,KEPT
GCA_905310635.1_pEimTen1.1_genomic.fna,17,17,51.60,3132361.1,KEPT
GCA_000499605.1_EMW001_genomic.fna,3564,3538,46.54,12977.2,KEPT
GCA_000209695.1_ASM20969v1_genomic.fna,1,1,31.12,1164703.0,KEPT
GCA_001305335.1_ASM130533v1_genomic.fna,18,14,29.87,646392.6,KEPT
GCA_001305415.1_ASM130541v1_genomic.fna,18,14,29.92,632181.9,KEPT
GCA_001305435.1_ASM130543v1_genomic.fna,18,13,29.75,685764.8,KEPT
GCA_001305455.2_IMS_version_2_genomic.fna,18,18,30.08,505823.2,KEPT
GCA_001305475.1_ASM130547v1_genomic.fna,18,15,29.93,596385.2,KEPT
GCA_001306235.1_ASM130623v1_genomic.fna,18,17,30.12,535351.8,KEPT
GCA_001306245.1_ASM130624v1_genomic.fna,18,12,29.84,726429.1,KEPT
GCA_002093605.1_ASM209360v1_genomic.fna,309,267,30.20,33903.8,KEPT
GCA_003024765.1_UKP14.v0_genomic.fna,47,10,28.87,1669.4,KEPT
GCA_003148445.1_CryParTU114-1.0_genomic.fna,20,20,30.18,455310.7,KEPT
GCA_004337825.1_UKP12.v0_genomic.fna,30,3,33.96,1623.3,KEPT
GCA_004337865.1_UKP16.v0_genomic.fna,66,28,29.71,320747.4,KEPT
GCA_004337875.1_UKP15.v0_genomic.fna,125,30,29.77,281267.0,KEPT
GCA_004337945.1_UKP13.v0_genomic.fna,107,5,44.81,1452.0,KEPT
GCA_015245375.1_ASM1524537v1_genomic.fna,8,8,30.18,1140282.9,KEPT
GCA_019844115.2_ASM1984411v2_genomic.fna,8,8,30.11,1149702.4,KEPT
GCA_009761385.1_ASM976138v1_genomic.fna,445,132,52.58,465224.3,KEPT
GCA_013099955.1_tgrh88_genomic.fna,197,197,52.11,340384.1,KEPT
GCA_014898695.1_ASM1489869v1_genomic.fna,50,46,52.44,1394011.0,KEPT
GCA_016808245.1_ASM1680824v1_genomic.fna,27,26,52.34,2489270.2,KEPT
GCA_900180395.1_PcyM_genomic.fna,56,56,37.31,547457.4,KEPT
GCA_019455545.1_UPITT_Tgon_RH88_1.0_genomic.fna,19,19,52.47,3415059.7,KEPT
GCA_019455585.1_ASM1945558v1_genomic.fna,36,36,52.39,1799435.5,KEPT
GCA_900044335.1_PbK173_genomic.fna,478,107,22.10,173554.4,KEPT
GCA_900088445.1_PbNK65E_genomic.fna,310,295,22.01,62453.7,KEPT
GCA_900095545.1_PBNK65NY_genomic.fna,304,294,22.00,62520.6,KEPT
GCA_900095585.1_PbSP11RLL_genomic.fna,269,259,22.02,70527.3,KEPT
GCA_900095635.1_PbSP11A_genomic.fna,324,316,22.00,58171.8,KEPT
GCA_900002375.2_GCA_900002375_genomic.fna,21,21,22.04,894314.6,KEPT
GCA_001885115.2_Pbrasilianum_v2_genomic.fna,953,952,24.88,31595.7,KEPT
GCA_900095565.1_PchDK_genomic.fna,661,473,23.51,40464.2,KEPT
GCA_900095625.1_PchDS_genomic.fna,604,466,23.46,41621.5,KEPT
GCA_900617135.1_PfCD01-2_genomic.fna,19,19,19.45,1239260.4,KEPT
GCA_900631975.1_PfKE01-3_genomic.fna,21,21,19.25,1085158.8,KEPT
GCA_900631985.1_PfHB3-3_genomic.fna,28,28,19.21,814713.0,KEPT
GCA_900631995.1_PfGN01-3_genomic.fna,19,19,19.46,1248062.7,KEPT
GCA_900632005.1_PfGA01-3_genomic.fna,20,20,19.31,1157355.9,KEPT
GCA_900632015.1_PfKH02-3_genomic.fna,21,21,19.29,1101169.5,KEPT
GCA_900632025.1_PfKH01-3_genomic.fna,22,22,19.30,1057560.0,KEPT
GCA_900632035.1_PfGB4-3_genomic.fna,26,26,19.36,903440.7,KEPT
GCA_900632045.1_PfDd2-3_genomic.fna,16,16,19.19,1417636.2,KEPT
GCA_900632055.1_PfIT-3_genomic.fna,27,27,19.35,858556.7,KEPT
GCA_900632065.1_PfTG01-3_genomic.fna,79,79,19.85,328362.8,KEPT
GCA_900632075.1_PfSN01-3_genomic.fna,36,36,19.38,652764.8,KEPT
GCA_900632085.1_PfML01-3_genomic.fna,117,117,19.67,219444.9,KEPT
GCA_900632095.1_PfSD01-3_genomic.fna,19,19,19.17,1197356.3,KEPT
GCA_000150335.1_ASM15033v1_genomic.fna,4991,3020,22.06,2573.0,KEPT
GCA_000521115.1_Plas_falc_Malayan_Camp_V1_genomic.fna,331,221,24.64,3839.6,KEPT
GCA_000150355.1_ASM15035v1_genomic.fna,4772,3488,21.00,2764.9,KEPT
GCA_000401695.2_Plas_falc_NF4_V1_genomic.fna,371,195,20.30,2000.9,KEPT
GCA_002831795.1_ASM283179v1_genomic.fna,19,19,19.31,1233451.8,KEPT
GCA_012898025.1_ASM1289802v1_genomic.fna,24,24,19.36,978367.5,KEPT
GCA_900005855.1_PGAL8A_genomic.fna,154,111,17.42,123819.3,KEPT
GCA_002140095.1_PKNOHv1_genomic.fna,28,27,38.69,916886.6,KEPT
GCA_900162085.1_PkA1H1_v1_genomic.fna,16,16,38.36,1519450.6,KEPT
GCA_000006355.3_GCA_000006355.2_genomic.fna,164,133,38.60,183248.2,KEPT
GCA_000723685.1_PREICH001_genomic.fna,372,298,19.14,80516.7,KEPT
GCA_001601855.1_ASM160185v1_genomic.fna,777,272,17.86,74406.8,KEPT
GCA_900097025.1_PRG01_genomic.fna,48,48,19.30,509827.1,KEPT
GCA_000002415.2_ASM241v2_genomic.fna,2747,1342,42.50,19333.1,KEPT
GCA_000151665.1_ASM15166v1_genomic.fna,54,53,45.08,354740.9,KEPT
GCA_002754635.1_CMB-1_v2_genomic.fna,8346,5706,40.15,4729.5,KEPT
GCA_003402195.1_PvSY43_v1_genomic.fna,14,0,0.00,0.0,DELETED (empty or error)
GCA_003402215.1_PvSY56_v1_genomic.fna,14,0,0.00,0.0,DELETED (empty or error)
GCA_014843675.1_ASM1484367v1_genomic.fna,650,637,38.81,46992.2,KEPT
GCA_014843685.1_ASM1484368v1_genomic.fna,552,548,38.88,54385.6,KEPT
GCA_014843935.1_ASM1484393v1_genomic.fna,532,528,39.08,55795.2,KEPT
GCA_014843945.1_ASM1484394v1_genomic.fna,552,545,38.90,54602.4,KEPT
GCA_900093535.1_PvC01_genomic.fna,425,417,38.82,66451.8,KEPT
GCA_900093545.1_PvT01_genomic.fna,374,374,39.63,77527.6,KEPT
GCA_900093555.2_GCA_900093555_genomic.fna,242,205,39.83,139819.2,KEPT
GCA_900178095.1_PvHMP-013_genomic.fna,478,474,38.37,62350.0,KEPT
GCA_000956335.1_Plas_frag_nilgiri_V1_genomic.fna,248,105,38.73,32738.2,KEPT
GCA_900088575.1_Pmal_genomic.fna,7270,7157,24.75,4391.7,KEPT
GCA_900090005.1_PmlGA01_genomic.fna,50,33,25.70,4785.5,KEPT
GCA_900090045.1_PmUG01_genomic.fna,63,63,24.38,533619.6,KEPT
GCA_903994265.1_PVSEL_v1_genomic.fna,16,16,23.11,1220815.8,KEPT
GCA_900002385.2_GCA_900002385_genomic.fna,16,16,21.74,1442720.1,KEPT
GCA_900002395.1_PYYM01_genomic.fna,197,66,21.34,302334.9,KEPT
GCA_900617845.1_Pyy1.1-2_genomic.fna,2308,282,21.67,76684.3,KEPT
GCA_900617855.1_Pyy1AR-2_genomic.fna,2475,345,21.65,63175.4,KEPT
GCA_900617865.1_Pyy2CL-2_genomic.fna,2915,326,21.67,67343.3,KEPT
GCA_900617875.1_Pyy33X-2_genomic.fna,2303,243,21.68,89852.9,KEPT
GCA_900617885.1_Pyy3AE-2_genomic.fna,3182,367,21.68,59420.2,KEPT
GCA_000981445.1_Bbig001_genomic.fna,483,483,50.63,28656.2,KEPT
GCA_002189625.1_ASM218962v1_genomic.fna,9,9,40.71,1087904.6,KEPT
GCA_000003225.1_ASM322v1_genomic.fna,8,8,32.54,1044765.6,KEPT
GCA_014884785.1_BV115_v1_genomic.fna,197,91,34.09,90185.1,KEPT
GCA_014884835.1_Tp_Uganda_3645_v1_genomic.fna,163,96,34.05,85817.9,KEPT
GCA_014884865.1_TP_Marikebuni_3292_v1_genomic.fna,135,96,34.04,85972.0,KEPT
GCA_000715435.1_caudatum_43c3d_assembly_v1_genomic.fna,777,549,28.03,53392.8,KEPT
GCA_905182975.1_Paramecium_primaurelia_V1_genomic.fna,436,202,22.64,364493.1,KEPT
GCA_000165425.1_ASM16542v1_genomic.fna,697,576,27.97,122971.6,KEPT
GCA_000260095.1_Tetra_borealis_V1_genomic.fna,325,300,23.75,298694.0,KEPT
GCA_016584475.1_JCVI_TeTherMIC_3_genomic.fna,23,23,22.37,8682043.5,KEPT
GCA_000220395.1_JCVI-IMG1-V.1_genomic.fna,2017,1987,15.91,24374.4,KEPT
GCA_006369765.1_ASM636976v1_genomic.fna,40422,23577,42.89,2225.8,KEPT
GCA_016097425.1_Ncaninum_Uru1_genomic.fna,45,45,54.74,1364415.0,KEPT
GCA_000442495.1_Strigomonas_culicis_Genome_genomic.fna,12772,9707,54.54,2579.4,KEPT
GCA_000826325.1_Acanthamoeba_palestinensis_genomic.fna,56742,26213,59.09,3609.1,KEPT
GCA_016097395.1_Ncaninum_LIV_genomic.fna,44,44,54.80,1397594.7,KEPT
GCA_000826285.1_Acanthamoeba_lenticulata_genomic.fna,79048,12122,57.62,4565.0,KEPT
GCA_003287315.1_Pcac_10300_v1_genomic.fna,4623,2342,50.10,18068.9,KEPT
GCA_016864635.1_ASM1686463v1_genomic.fna,5509,3890,50.86,15107.6,KEPT
GCA_016864665.1_ASM1686466v1_genomic.fna,5421,3658,50.87,16247.8,KEPT
GCA_016864695.1_ASM1686469v1_genomic.fna,5457,3715,50.88,16023.4,KEPT
GCA_016864715.1_ASM1686471v1_genomic.fna,5326,3781,50.82,15746.9,KEPT
GCA_016864735.1_Pcac_4032_genomic.fna,6726,4069,50.81,14671.1,KEPT
GCA_016864755.1_ASM1686475v1_genomic.fna,5467,3744,50.85,15910.6,KEPT
GCA_016864775.1_ASM1686477v1_genomic.fna,5088,3421,50.81,17408.4,KEPT
GCA_016864795.1_ASM1686479v1_genomic.fna,6173,4413,50.75,13593.5,KEPT
GCA_016864815.1_ASM1686481v1_genomic.fna,5695,3932,50.85,15113.5,KEPT
GCA_016864835.1_ASM1686483v1_genomic.fna,5485,3926,50.85,15122.1,KEPT
GCA_016864855.1_ASM1686485v1_genomic.fna,5278,3793,50.79,15835.2,KEPT
GCA_016865055.1_ASM1686505v1_genomic.fna,6581,4055,50.77,14373.9,KEPT
GCA_016865075.1_ASM1686507v1_genomic.fna,4571,3264,50.81,18025.4,KEPT
GCA_016865085.1_ASM1686508v1_genomic.fna,4452,3122,50.81,18853.0,KEPT
GCA_016906365.1_ASM1690636v1_genomic.fna,5951,4197,50.81,14318.2,KEPT
GCA_017309695.1_ASM1730969v1_genomic.fna,20136,7622,50.38,8779.4,KEPT
GCA_018873755.1_NZ3830v1_genomic.fna,3644,3637,50.77,14185.7,KEPT
GCA_900002335.2_GCA_900002335_genomic.fna,16,16,23.62,1185859.9,KEPT
GCA_900095555.1_PchAJ_genomic.fna,474,361,23.55,51796.5,KEPT
GCA_900095605.1_PchCB_genomic.fna,444,342,23.52,54863.0,KEPT
GCA_001077455.2_ASM107745v2_genomic.fna,141,91,44.59,73255.8,KEPT
GCA_018398725.1_ASM1839872v1_genomic.fna,80,41,44.54,199616.5,KEPT
GCA_013115115.1_ASM1311511v1_genomic.fna,3286,2223,51.69,17650.3,KEPT
GCA_013115125.1_ASM1311512v1_genomic.fna,3353,2217,51.70,17640.5,KEPT
GCA_013115135.1_ASM1311513v1_genomic.fna,1358,1301,51.54,48469.7,KEPT
GCA_013115865.1_ASM1311586v1_genomic.fna,41490,23994,51.91,3268.9,KEPT
GCA_013115895.1_ASM1311589v1_genomic.fna,38354,22636,51.92,3381.1,KEPT
GCA_000826385.1_Acanthamoeba_rhysodes_genomic.fna,62836,15427,57.71,4111.2,KEPT
GCA_000826365.1_Acanthamoeba_royreba_genomic.fna,24098,6367,51.32,12133.6,KEPT
GCA_014885115.2_ASM1488511v2_genomic.fna,6922,6756,39.75,9817.6,KEPT
GCA_019702425.1_ASM1970242v1_genomic.fna,4076,2114,65.66,9764.5,KEPT
GCA_000002765.3_GCA_000002765_genomic.fna,16,16,19.34,1458302.4,KEPT
GCA_001715585.1_ASM171558v1_genomic.fna,15,14,18.64,1594151.1,KEPT
GCA_020085045.1_PO-1_genomic.fna,71,68,53.37,572885.8,KEPT
GCA_900090035.2_PocGH01_genomic.fna,653,653,28.48,51270.3,KEPT
GCA_900090025.2_PowCR01_genomic.fna,779,776,29.04,43158.2,KEPT
GCA_004117815.1_PIRR_v1_genomic.fna,9658,6594,53.48,6536.5,KEPT
GCA_001880345.2_ASM188034v2_genomic.fna,31114,18948,31.56,2172.0,KEPT
GCA_018136815.1_ASM1813681v1_genomic.fna,141,141,58.35,657685.9,KEPT
GCA_001049375.1_pbe3.h15_genomic.fna,165,142,58.68,164662.4,KEPT
GCA_002093825.1_ASM209382v1_genomic.fna,667,663,59.02,37414.0,KEPT
GCA_003833335.1_Pldbra_eH_r1_genomic.fna,136,86,58.94,275385.8,KEPT
GCA_003992685.1_ASM399268v1_genomic.fna,106,75,57.62,244408.6,KEPT
GCA_004156335.1_ASM415633v1_genomic.fna,106,75,57.62,244408.6,KEPT
GCA_004195245.1_ASM419524v1_genomic.fna,353,99,58.59,4638.9,KEPT
GCA_009726225.1_ASM972622v1_genomic.fna,165,141,58.66,165236.8,KEPT
GCA_009726235.1_ASM972623v1_genomic.fna,165,142,58.66,164672.9,KEPT
GCA_009726245.1_ASM972624v1_genomic.fna,165,141,58.62,165207.2,KEPT
GCA_009726255.1_ASM972625v1_genomic.fna,165,142,58.66,164676.0,KEPT
GCA_009726265.1_ASM972626v1_genomic.fna,165,141,58.67,165225.6,KEPT
GCA_009726325.1_ASM972632v1_genomic.fna,165,142,58.66,164677.6,KEPT
GCA_009726335.1_ASM972633v1_genomic.fna,165,142,58.66,164678.4,KEPT
GCA_009726345.1_ASM972634v1_genomic.fna,165,141,58.66,165222.2,KEPT
GCA_009726355.1_ASM972635v1_genomic.fna,165,141,58.66,165228.0,KEPT
GCA_009726365.1_ASM972636v1_genomic.fna,165,142,58.66,164675.1,KEPT
GCA_009726425.1_ASM972642v1_genomic.fna,164,141,58.66,165817.5,KEPT
GCA_009726435.1_ASM972643v1_genomic.fna,164,141,58.65,165797.8,KEPT
GCA_009726445.1_ASM972644v1_genomic.fna,165,142,58.66,164672.9,KEPT
GCA_009726455.1_ASM972645v1_genomic.fna,165,142,58.66,164673.2,KEPT
GCA_009726465.1_ASM972646v1_genomic.fna,165,142,58.66,164672.2,KEPT
GCA_009726525.1_ASM972652v1_genomic.fna,164,140,58.67,166386.9,KEPT
GCA_009726535.1_ASM972653v1_genomic.fna,165,142,58.66,164673.0,KEPT
GCA_009726545.1_ASM972654v1_genomic.fna,165,139,58.44,166291.8,KEPT
GCA_009726555.1_ASM972655v1_genomic.fna,164,140,58.67,166384.5,KEPT
GCA_009726565.1_ASM972656v1_genomic.fna,164,140,58.67,166384.6,KEPT
GCA_009726625.1_ASM972662v1_genomic.fna,165,142,58.66,164674.9,KEPT
GCA_009726635.1_ASM972663v1_genomic.fna,165,142,58.66,164673.9,KEPT
GCA_009726645.1_ASM972664v1_genomic.fna,165,142,58.66,164672.5,KEPT
GCA_009726655.1_ASM972665v1_genomic.fna,165,142,58.66,164674.4,KEPT
GCA_009726665.1_ASM972666v1_genomic.fna,165,142,58.66,164672.9,KEPT
GCA_009726725.1_ASM972672v1_genomic.fna,165,142,58.66,164677.8,KEPT
GCA_009726735.1_ASM972673v1_genomic.fna,165,142,58.64,164673.3,KEPT
GCA_009726745.1_ASM972674v1_genomic.fna,165,142,58.66,164679.8,KEPT
GCA_009726755.1_ASM972675v1_genomic.fna,163,139,58.61,167545.9,KEPT
GCA_009726825.1_ASM972682v1_genomic.fna,164,141,58.64,165825.0,KEPT
GCA_009726765.1_ASM972676v1_genomic.fna,165,142,58.66,164676.9,KEPT
GCA_009726835.1_ASM972683v1_genomic.fna,165,142,58.66,164676.3,KEPT
GCA_009726845.1_ASM972684v1_genomic.fna,164,141,58.66,165832.7,KEPT
GCA_009726855.1_ASM972685v1_genomic.fna,165,142,58.66,164676.7,KEPT
GCA_009726865.1_ASM972686v1_genomic.fna,164,141,58.66,165831.6,KEPT
GCA_009726925.1_ASM972692v1_genomic.fna,163,139,58.65,167564.9,KEPT
GCA_009726935.1_ASM972693v1_genomic.fna,164,141,58.65,165817.8,KEPT
GCA_009726945.1_ASM972694v1_genomic.fna,165,142,58.66,164674.7,KEPT
GCA_009726955.1_ASM972695v1_genomic.fna,163,139,58.62,167543.0,KEPT
GCA_009726965.1_ASM972696v1_genomic.fna,165,142,58.66,164675.7,KEPT
GCA_009727025.1_ASM972702v1_genomic.fna,164,141,58.66,165829.4,KEPT
GCA_009727035.1_ASM972703v1_genomic.fna,164,141,58.66,165819.7,KEPT
GCA_009727045.1_ASM972704v1_genomic.fna,164,141,58.66,165821.1,KEPT
GCA_000410695.2_Leishmania_arabica_LEM1108-1.0.3_genomic.fna,168,161,58.47,191425.2,KEPT
GCA_000443025.1_Leishmania_gerbilii_LEM452-1.0.2_genomic.fna,492,479,58.85,62205.5,KEPT
GCA_002073175.1_P_oligandrum_v1_genomic.fna,340,325,52.84,109539.6,KEPT
GCA_001573145.1_ASM157314v1_genomic.fna,724,723,53.77,49695.0,KEPT
GCA_003693705.1_ASM369370v1_genomic.fna,1001,998,45.02,27132.7,KEPT
GCA_002914575.1_ASM291457v1_genomic.fna,4607,1785,29.52,4059.7,KEPT
GCA_900088475.1_hypho_2016_genomic.fna,4759,4683,49.30,12975.6,KEPT
GCA_012862495.1_Tau_assembly01_genomic.fna,463,45,59.70,6328.8,KEPT
GCA_000727475.1_ASM72747v1_genomic.fna,871,406,50.76,298348.0,KEPT
GCA_000875885.1_ASM87588v1_genomic.fna,2862,1093,49.55,3261.5,KEPT
GCA_905182995.1_Paramecium_octaurelia_V1_genomic.fna,378,215,27.49,370835.1,KEPT
GCA_905183005.1_Paramecium_pentaurelia_V1_genomic.fna,310,202,22.85,404315.0,KEPT
GCA_000826265.1_Acanthamoeba_culbertsoni_genome_assembly_genomic.fna,72411,4632,51.35,10347.6,KEPT
GCA_000186865.1_v_1.0_genomic.fna,1185,561,69.62,56288.5,KEPT
GCA_014466935.1_ASM1446693v1_genomic.fna,36,36,59.53,886804.9,KEPT
GCA_014466975.1_ASM1446697v1_genomic.fna,36,36,59.54,886793.5,KEPT
GCA_000499745.2_EMH001_genomic.fna,15978,5026,48.56,6000.5,KEPT
GCA_000826945.1_ASM82694v1_genomic.fna,33146,12187,49.81,4304.3,KEPT
GCA_000211355.2_ASM21135v2_genomic.fna,3231,257,41.62,2251.8,KEPT
GCA_002087855.3_ASM208785v3_genomic.fna,12348,6233,22.65,6307.2,KEPT
GCA_014849475.1_ASM1484947v1_genomic.fna,132636,21595,49.05,1657.9,KEPT
GCA_000499725.1_EBH001_genomic.fna,8575,3381,46.93,16328.8,KEPT
GCA_000499385.1_ENH001_genomic.fna,3707,3637,50.99,15079.8,KEPT
GCA_000499445.1_EPH001_genomic.fna,21348,3399,46.87,7488.5,KEPT
GCA_020975765.1_Upin_Kr2015_genomic.fna,2581,2581,50.01,245687.7,KEPT
GCA_003324165.2_Nlova_2.1_genomic.fna,111,111,36.87,278186.8,KEPT
GCA_015143345.1_ASM1514334v1_genomic.fna,42926,18523,37.62,4924.2,KEPT
GCA_000443045.1_PhytoCambi_1.0_genomic.fna,72332,39676,52.94,3714.5,KEPT
GCA_000686205.4_P.fr2.0_genomic.fna,1550,1342,52.59,47520.0,KEPT
GCA_002025845.1_Pf4954_genomic.fna,8544,8139,53.26,9344.3,KEPT
GCA_009732925.1_ASM973292v1_genomic.fna,13231,8533,53.35,8730.9,KEPT
GCA_009732985.1_ASM973298v1_genomic.fna,12489,8002,53.36,9435.7,KEPT
GCA_009733005.1_ASM973300v1_genomic.fna,13265,8437,53.35,8960.9,KEPT
GCA_009733025.1_ASM973302v1_genomic.fna,13531,8725,53.36,8657.4,KEPT
GCA_009733045.1_ASM973304v1_genomic.fna,13191,8518,53.34,8786.2,KEPT
GCA_009733065.1_ASM973306v1_genomic.fna,12212,7858,53.32,9575.6,KEPT
GCA_009733085.1_ASM973308v1_genomic.fna,11556,7478,53.34,10189.3,KEPT
GCA_009733105.1_ASM973310v1_genomic.fna,13446,8628,53.35,8766.2,KEPT
GCA_009733125.1_ASM973312v1_genomic.fna,13321,8469,53.37,8895.4,KEPT
GCA_016865095.1_ASM1686509v1_genomic.fna,5356,3919,51.03,15200.3,KEPT
GCA_016880175.1_ASM1688017v1_genomic.fna,5313,3850,51.04,15477.2,KEPT
GCA_016880985.1_ASM1688098v1_genomic.fna,4720,3504,51.04,17008.7,KEPT
GCA_000709005.1_Plas_vinc_vinckei_V1_genomic.fna,49,35,22.56,512867.9,KEPT
GCA_900617805.1_PchV52-2_genomic.fna,609,101,23.35,171041.6,KEPT
GCA_900681995.1_PVVCY_v1_genomic.fna,16,16,22.89,1148389.6,KEPT
GCA_000002975.1_ASM297v1_genomic.fna,3,3,26.44,183754.7,KEPT
GCA_000150435.3_Plas_falc_7G8_V1_genomic.fna,277,144,19.55,3724.8,KEPT
GCA_000149795.1_ASM14979v1_genomic.fna,2837,1197,20.64,11155.4,KEPT
GCA_000521095.1_Plas_falc_Uganda_Palo-Alto_FUP_H_V1_genomic.fna,218,97,20.16,1993.6,KEPT
GCA_000442575.2_Angomonas_deanei_Genome_genomic.fna,17339,12596,50.80,2439.5,KEPT
GCA_001659865.1_Angomonas_deanei_v1.0_genomic.fna,408,238,49.22,18578.5,KEPT
GCA_903995115.1_Adeanei_nanopore_chromosomes_genomic.fna,29,29,49.85,723313.1,KEPT
GCA_000826425.1_Acanthamoeba_lugdunensis_genomic.fna,67459,28750,59.05,3132.2,KEPT
GCA_000441995.1_Leishmania_turanica_LEM423-1.0.2_genomic.fna,336,281,58.07,81791.7,KEPT
GCA_000733385.1_ASM73338v1_genomic.fna,2346,2059,25.69,33040.9,KEPT
GCA_000733375.1_ASM73337v1_genomic.fna,543,465,23.86,143615.9,KEPT
GCA_905182985.1_Paramecium_sonneborni_V1_genomic.fna,572,276,22.63,316960.9,KEPT
GCA_001078535.1_ASM107853v1_genomic.fna,5216,1861,43.20,18024.4,KEPT
GCA_000826245.1_Acanthamoeba_astronyxis_genomic.fna,98248,13205,43.43,5528.9,KEPT
GCA_000826305.1_Acanthamoeba_healyi_genomic.fna,26188,11082,58.68,6556.3,KEPT
GCA_000826505.1_Acanthamoeba_pearcei_genomic.fna,224137,26663,58.17,2765.7,KEPT
GCA_002893465.1_ASM289346v1_genomic.fna,1493,1488,51.90,29138.5,KEPT
GCA_003057635.1_ASM305763v1_genomic.fna,958,958,51.68,49102.7,KEPT
GCA_001185145.1_ASM118514v1_genomic.fna,1605,1605,46.77,42153.6,KEPT
GCA_001262475.1_ASM126247v1_genomic.fna,14699,6520,45.96,4180.9,KEPT
GCA_002087225.1_Tth_v3_genomic.fna,319,93,37.70,35757.8,KEPT
GCA_000149755.2_P.sojae_V3.0_genomic.fna,82,58,53.34,1180680.8,KEPT
GCA_012656105.1_USDA_Psyr_BL57G_1.0_genomic.fna,589,589,52.41,127223.4,KEPT
GCA_900404475.1_SSUBK13_genomic.fna,2340,2153,45.48,12654.7,KEPT
GCA_000691245.1_Tgr_V1_genomic.fna,2871,2143,53.71,9422.1,KEPT
GCA_000569095.1_NagaB31_1.0_genomic.fna,684,267,54.06,101768.6,KEPT
GCA_002838785.1_we3730_nuc_genomic.fna,85,85,55.27,363126.4,KEPT
GCA_012845835.1_ASM1284583v1_genomic.fna,114,114,50.12,4484913.8,KEPT
GCA_002081575.1_Thrcla_v1_genomic.fna,5333,4505,37.89,8551.6,KEPT
GCA_001460835.1_BSAL_genomic.fna,2256,1715,51.03,18766.3,KEPT
GCA_002157705.1_Pgonderi_assembly01_genomic.fna,743,647,27.01,50309.9,KEPT
GCA_012295475.1_MU_Pgon_genomic.fna,16450,16446,55.54,3716.4,KEPT
GCA_000277485.1_ASM27748v1_genomic.fna,997,652,24.38,4524.2,KEPT
GCA_006386115.1_DCB_P.spl_genomic.fna,198,192,52.73,272663.6,KEPT
GCA_020976625.1_JAAS_PmSWQ7_1.0_genomic.fna,185,180,55.19,380663.0,KEPT
GCA_001922765.1_Pythium_periplocum_1.0_genomic.fna,1043,1040,53.70,34493.9,KEPT
GCA_014529505.1_ASM1452950v1_genomic.fna,133,123,39.63,69455.4,KEPT
GCA_003719485.1_ASM371948v1_genomic.fna,1658,1500,56.86,13815.0,KEPT
GCA_002271815.1_ASM227181v1_genomic.fna,753,510,48.92,65568.2,KEPT
GCA_900005765.1_PRELSG_genomic.fna,514,480,18.31,46830.1,KEPT
GCA_000978595.1_SJ6.1_genomic.fna,13327,8182,49.18,65255.6,KEPT
GCA_008828725.1_ASM882872v1_genomic.fna,4598,4168,48.75,122703.2,KEPT
GCA_000769155.2_ASM76915v2_genomic.fna,2297,1789,51.78,24398.2,KEPT
GCA_002019455.1_ASM201945v1_genomic.fna,1291,955,51.92,44121.7,KEPT
GCA_002019465.1_ASM201946v1_genomic.fna,1247,1004,51.93,43549.6,KEPT
GCA_002019475.1_ASM201947v1_genomic.fna,1594,1226,51.92,33590.2,KEPT
GCA_002019905.1_ASM201990v1_genomic.fna,1469,1085,51.93,39422.9,KEPT
GCA_002893305.1_ASM289330v1_genomic.fna,720,710,51.91,62234.6,KEPT
GCA_002893315.1_ASM289331v1_genomic.fna,1991,1985,51.89,21688.5,KEPT
GCA_002893365.1_ASM289336v1_genomic.fna,1694,1691,51.91,24727.1,KEPT
GCA_002893375.1_ASM289337v1_genomic.fna,3115,3114,53.13,12010.2,KEPT
GCA_002893405.1_ASM289340v1_genomic.fna,7899,2155,51.61,20606.3,KEPT
GCA_002893425.1_ASM289342v1_genomic.fna,1274,677,51.82,66452.9,KEPT
GCA_002893445.1_ASM289344v1_genomic.fna,650,649,51.87,68595.0,KEPT
GCA_003944945.1_ASM394494v1_genomic.fna,1638,1298,51.93,33878.3,KEPT
GCA_902651635.1_mastiga_genome_v5.1_genomic.fna,1925,1707,59.08,15720.1,KEPT
GCA_905237085.1_Pgla_CCMP1383_genomic.fna,33494,33493,45.90,89113.5,KEPT
GCA_003944955.1_ASM394495v1_genomic.fna,1710,1373,51.92,32110.8,KEPT
GCA_003944965.1_ASM394496v1_genomic.fna,1384,1125,51.91,39150.6,KEPT
GCA_003944975.1_ASM394497v1_genomic.fna,2774,2389,51.89,18403.1,KEPT
GCA_003944985.1_ASM394498v1_genomic.fna,1789,1421,51.92,31011.2,KEPT
GCA_003945045.1_ASM394504v1_genomic.fna,1645,1250,51.92,35224.6,KEPT
GCA_003945055.1_ASM394505v1_genomic.fna,1420,1122,51.91,39340.2,KEPT
GCA_003945065.1_ASM394506v1_genomic.fna,812,559,51.91,79106.1,KEPT
GCA_003945075.1_ASM394507v1_genomic.fna,1288,965,51.91,45833.1,KEPT
GCA_003945085.1_ASM394508v1_genomic.fna,2795,2382,51.91,18487.2,KEPT
GCA_003945135.1_ASM394513v1_genomic.fna,1072,818,51.90,54250.0,KEPT
GCA_003945145.1_ASM394514v1_genomic.fna,2657,1939,51.91,22828.6,KEPT
GCA_003945155.1_ASM394515v1_genomic.fna,2826,2408,51.91,18255.1,KEPT
GCA_003945175.1_ASM394517v1_genomic.fna,1119,832,51.90,53209.5,KEPT
GCA_905237095.1_Pgla_CCMP2088_genomic.fna,37768,37765,46.13,72980.2,KEPT
GCA_004337925.1_UKMEL4.v0_genomic.fna,1450,1156,30.89,7424.6,KEPT
GCA_004348035.1_UKMEL3.v0_genomic.fna,2260,1622,31.12,5008.7,KEPT
GCA_002563875.1_Bbes1.0_genomic.fna,186,186,56.97,316375.9,KEPT
GCA_015148605.1_ASM1514860v1_genomic.fna,78822,30119,40.47,2546.5,KEPT
GCA_000258005.2_HHA1_v02_genomic.fna,14861,697,52.54,88959.9,KEPT
GCA_009835175.1_Ae201684_v1_genomic.fna,604,498,46.98,85685.8,KEPT
GCA_900312765.1_ASM90031276v1_genomic.fna,604,498,46.98,85685.8,KEPT
GCA_002812785.1_ASM281278v1_genomic.fna,2543,2534,49.18,15069.1,KEPT
GCA_009767595.1_ASM976759v1_genomic.fna,30040,4907,44.29,155804.9,KEPT
GCA_019155685.1_JHI_Pboe_1.0_genomic.fna,3010,1924,50.95,20442.3,KEPT
GCA_000223845.4_GNI3_genomic.fna,469,258,52.70,51426.6,KEPT
GCA_000520075.1_Apha_asta_APO3_V1_genomic.fna,835,475,48.45,6619.7,KEPT
GCA_002197585.2_ASM219758v2_genomic.fna,6216,6216,49.90,8328.4,KEPT
GCA_009835205.1_AaE_v1_genomic.fna,21425,11261,48.63,3358.3,KEPT
GCA_900243735.1_Aphanomyces_astaci_v1_genomic.fna,21610,11262,48.62,3358.3,KEPT
GCA_000764265.1_ASM76426v1_genomic.fna,8992,8940,57.04,5046.4,KEPT
GCA_001950795.1_Pythium_insidiosum_MCC13_0.1_genomic.fna,17277,7523,57.57,7946.5,KEPT
GCA_001950815.1_Pythium_insidiosum_ATCC200269_0.1_genomic.fna,15153,6637,57.37,6307.7,KEPT
GCA_001950835.1_Pythium_insidiosum_CBS57385_0.1_genomic.fna,11223,4567,57.35,6736.9,KEPT
GCA_001950855.1_Pythium_insidiosum_CBS101555_0.1_genomic.fna,60602,11032,56.38,1968.5,KEPT
GCA_001950875.1_Pythium_insidiosum_ATCC64221_0.1_genomic.fna,13060,4470,56.73,6339.7,KEPT
GCA_004138015.1_ASM413801v1_genomic.fna,12479,9862,55.08,3971.4,KEPT
GCA_001950895.1_Pythium_insidiosum_CR02_0.1_genomic.fna,22560,7111,56.37,3399.3,KEPT
GCA_001950915.1_Pythium_insidiosum_Pi19_0.1_genomic.fna,14576,5432,56.24,4895.7,KEPT
GCA_001950935.1_Pythium_insidiosum_MCC18_0.1_genomic.fna,11084,4502,56.36,6124.3,KEPT
GCA_001950955.1_Pythium_insidiosum_SIMI4763_0.1_genomic.fna,15162,6640,57.37,6306.4,KEPT
GCA_001835725.1_ASM183572v1_genomic.fna,277,256,28.50,35418.7,KEPT
GCA_001835735.1_ASM183573v1_genomic.fna,1438,1192,28.68,7368.9,KEPT
GCA_001865355.1_ASM186535v1_genomic.fna,135,112,28.47,80965.4,KEPT
GCA_019059605.1_Rhabdomonas_costata_PANT2_1.0_genomic.fna,104289,34432,51.70,1603.9,KEPT
GCA_900617815.1_Pvb1-69-2_genomic.fna,1015,157,22.76,104540.5,KEPT
GCA_903994205.1_PVBDA_v1_genomic.fna,16,16,23.11,1200422.9,KEPT
GCA_009835185.1_As_578.67_v1_genomic.fna,7581,5431,52.62,11193.2,KEPT
GCA_900708865.1_Aphanomyces_stellatus_CBS568.67_genomic.fna,7607,5433,52.62,11189.4,KEPT
GCA_002288995.1_ASM228899v1_genomic.fna,19853,8756,50.19,5782.1,KEPT
GCA_000333055.2_SMSTG_v2.0_genomic.fna,5541,5271,53.22,8562.9,KEPT
GCA_000500205.2_ASM50020v2_genomic.fna,9039,5024,53.11,9925.0,KEPT
GCA_000687305.2_P.frag2.0_genomic.fna,2387,1875,52.72,27333.3,KEPT
GCA_002025925.1_Pr4671_genomic.fna,9434,8980,53.34,8222.1,KEPT
GCA_009732905.1_ASM973290v1_genomic.fna,14023,9175,53.42,8095.4,KEPT
GCA_009732945.1_ASM973294v1_genomic.fna,13946,9047,53.41,8221.5,KEPT
GCA_009733145.1_ASM973314v1_genomic.fna,13679,8961,53.40,8308.6,KEPT
GCA_006510565.1_ASM651056v1_genomic.fna,45710,27728,33.95,2067.9,KEPT
GCA_900092245.1_ASM90009224v1_genomic.fna,28227,11869,48.47,4053.9,KEPT
GCA_020186115.1_ASM2018611v1_genomic.fna,187,160,28.66,271237.4,KEPT
GCA_000149665.2_ASM14966v2_genomic.fna,1191,654,19.31,34039.8,KEPT
GCA_903994225.1_PVLDE_v1_genomic.fna,16,16,23.25,1208846.7,KEPT
GCA_000524515.1_Plas_vinc_pett_CR_V1_genomic.fna,66,45,22.98,407064.6,KEPT
GCA_900617785.1_Pch2CR-2_genomic.fna,720,124,23.51,145740.6,KEPT
GCA_903994235.1_PVPCR_v1_genomic.fna,16,16,23.15,1213154.4,KEPT
GCA_900092265.1_ASM90009226v1_genomic.fna,7774,4293,37.67,10791.4,KEPT
GCA_001695595.3_INRA_Pvit_2_genomic.fna,358,357,44.85,259646.3,KEPT
GCA_001974925.1_ASM197492v1_genomic.fna,2165,1555,45.84,19836.4,KEPT
GCA_003123765.1_PVITv1_genomic.fna,57890,9076,43.73,4038.4,KEPT
GCA_004519485.1_ASM451948v1_genomic.fna,32,32,54.03,914524.6,KEPT
GCA_009014695.1_ASM901469v1_genomic.fna,32,32,53.54,845234.7,KEPT
GCA_009014725.1_ASM901472v1_genomic.fna,32,32,53.61,865833.7,KEPT
GCA_000520115.1_Apha_inva_NJM9701_V1_genomic.fna,481,167,51.90,3568.3,KEPT
GCA_001293395.1_ASM129339v1_genomic.fna,60,56,56.45,542090.3,KEPT
GCA_019693575.1_ASM1969357v1_genomic.fna,48312,19518,53.48,3588.0,KEPT
GCA_019677205.1_ASM1967720v1_genomic.fna,5120,2418,59.67,12790.1,KEPT
GCA_003991265.1_ASM399126v1_genomic.fna,5534,4336,48.86,9093.4,KEPT
GCA_019297655.1_ASM1929765v1_genomic.fna,6469,5678,47.56,13221.0,KEPT
GCA_019297675.1_ASM1929767v1_genomic.fna,6436,5206,47.50,13386.2,KEPT
GCA_001887855.2_SGv3_genomic.fna,26786,26529,47.28,11136.2,KEPT
GCA_002933675.1_Sgrami_v1.0_genomic.fna,64505,29819,46.27,3750.8,KEPT
GCA_003640485.1_ASM364048v1_genomic.fna,135646,67183,50.28,2214.0,KEPT
GCA_003640625.1_ASM364062v1_genomic.fna,108828,57854,47.72,4429.0,KEPT
GCA_000149735.1_ASM14973v1_genomic.fna,2576,596,52.53,32163.6,KEPT
GCA_000336535.2_EU2_996_3_v2_genomic.fna,4552,4492,52.88,10583.5,KEPT
GCA_000340395.2_CC2275_v2_genomic.fna,4878,4812,53.91,7954.3,KEPT
GCA_001278135.1_SOD58v2_genomic.fna,4624,4597,53.92,9123.3,KEPT
GCA_001278145.1_SOD69v2_genomic.fna,4461,4447,53.91,9386.7,KEPT
GCA_001278155.1_SOD22v2_genomic.fna,4608,4590,53.92,9085.0,KEPT
GCA_001278165.1_SOD158v2_genomic.fna,4504,4444,53.91,9282.1,KEPT
GCA_001278215.1_SOD136v2_genomic.fna,4406,4379,53.91,9543.3,KEPT
GCA_001278225.1_SODL51v2_genomic.fna,4540,4517,53.92,9257.4,KEPT
GCA_001278235.1_SOD169v2_genomic.fna,4533,4516,53.93,9288.4,KEPT
GCA_001933315.1_CC2184_v1_genomic.fna,4706,4661,53.93,8288.9,KEPT
GCA_001933325.1_CC14654_v1_genomic.fna,4802,4749,53.93,8118.7,KEPT
GCA_001933335.1_CC12475v1_genomic.fna,4449,4427,54.02,8750.4,KEPT
GCA_001933345.1_CC1008_v1_genomic.fna,4625,4573,53.95,8463.3,KEPT
GCA_001933395.1_CC1033_v1_genomic.fna,4666,4622,53.93,8416.1,KEPT
GCA_001933405.1_CC1048_v1_genomic.fna,4562,4538,53.97,8595.8,KEPT
GCA_001933415.1_CC2168_v1_genomic.fna,4707,4655,53.94,8328.9,KEPT
GCA_001933455.1_CC2176_v1_genomic.fna,4635,4589,53.95,8482.3,KEPT
GCA_001933465.1_CC2186_v1_genomic.fna,5378,5277,54.41,7567.4,KEPT
GCA_001933485.1_CC2187_v1_genomic.fna,4612,4569,53.95,8506.2,KEPT
GCA_001955675.1_CC1011_v1_genomic.fna,5959,5892,54.57,6810.8,KEPT
GCA_002968915.1_ASM296891v1_genomic.fna,295,295,54.45,204237.2,KEPT
GCA_003956735.1_Pr102_V2_genomic.fna,1468,1468,54.22,47767.0,KEPT
GCA_020800215.1_PR-102_v3_p_genomic.fna,28,28,54.19,2051835.4,KEPT
GCA_016618085.1_ASM1661808v1_genomic.fna,1621,559,27.29,37929.9,KEPT
GCA_002151225.1_ASM215122v1_genomic.fna,9329,4702,41.13,5468.5,KEPT
GCA_900660405.1_ASM90066040v1_genomic.fna,700,399,45.67,68816.9,KEPT
GCA_000002445.1_ASM244v1_genomic.fna,12,12,46.43,2172957.8,KEPT
GCA_902825245.1_L2-C3_rDNA_genomic.fna,1,1,40.47,10223.0,KEPT
GCA_000826465.1_Acanthamoeba_mauritaniensis_genomic.fna,67233,28765,58.68,3445.4,KEPT
GCA_902369385.1_LmjF_genomic.fna,1,1,23.56,18998.0,KEPT
GCA_019828565.1_ASM1982856v1_genomic.fna,69,69,57.18,351273.0,KEPT
GCA_000826405.1_Acanthamoeba_divionensis_genomic.fna,107714,13014,43.44,5637.0,KEPT
GCA_000725905.1_ASM72590v1_genomic.fna,158,158,39.48,176059.9,KEPT
GCA_001680005.1_ASM168000v1_genomic.fna,14,14,39.64,1977537.9,KEPT
GCA_002256025.1_ASM225602v1_genomic.fna,15436,8989,41.79,6816.6,KEPT
GCA_000826445.1_Acanthamoeba_quina_genomic.fna,60490,19572,59.01,3870.2,KEPT
GCA_012295425.1_MU_Ppse_genomic.fna,3628,3628,54.80,13208.7,KEPT
GCA_019155715.1_JHI_pseudo_1.0_genomic.fna,2772,1714,54.59,28196.0,KEPT
GCA_008636045.1_CUV_Sstr_1.0_genomic.fna,50889,38539,26.59,3717.5,KEPT
GCA_000982615.1_AKI_PRJEB1539_v1_genomic.fna,84,23,40.69,6276.9,KEPT
GCA_000002455.1_ASM245v1_genomic.fna,3,3,28.37,124290.0,KEPT
GCA_002099245.1_Ptab_968-S26_genomic.fna,4015,1961,47.37,3867.1,KEPT
GCA_905221625.1_Smic_CassKB8_genomic.fna,67937,62372,51.32,12787.6,KEPT
GCA_000804495.1_ASM80449v1_genomic.fna,78,61,30.13,148131.1,KEPT
GCA_001305325.1_ASM130532v1_genomic.fna,18,14,29.78,644080.4,KEPT
GCA_001305395.1_ASM130539v1_genomic.fna,18,15,29.72,604584.1,KEPT
GCA_001307845.1_ASM130784v1_genomic.fna,34,21,29.98,433810.1,KEPT
GCA_001483515.1_ASM148351v1_genomic.fna,53,42,30.12,215482.0,KEPT
GCA_002223825.1_C.hominis.v1_genomic.fna,12,12,30.12,755737.6,KEPT
GCA_018342955.1_ASM1834295v1_genomic.fna,38,38,30.12,238680.2,KEPT
GCA_018342975.1_ASM1834297v1_genomic.fna,43,43,30.13,210728.9,KEPT
GCA_000203815.1_DFas_2.0_genomic.fna,25,25,33.83,1240768.3,KEPT
GCA_019693545.1_ASM1969354v1_genomic.fna,8639,3658,41.38,9727.3,KEPT
GCA_001447515.1_ASM144751v1_genomic.fna,288,288,18.80,192553.3,KEPT
GCA_001414265.1_Cala2_v1_genomic.fna,9283,9247,47.32,7593.8,KEPT
GCA_001414525.1_Noks1_v1_genomic.fna,12086,12085,47.83,6161.0,KEPT
GCA_000372725.1_Emiliana_huxleyi_CCMP1516_main_genome_assembly_v1.0_genomic.fna,7795,6819,64.42,13067.0,KEPT
GCA_900617825.1_Pvk194ZZ-2_genomic.fna,533,69,23.19,286152.7,KEPT
GCA_900617835.1_Pyk193L-2_genomic.fna,2432,268,21.67,85348.2,KEPT
GCA_002216585.1_ASM221658v1_genomic.fna,3333,2511,55.54,12356.8,KEPT
GCA_900240985.1_crithidia-bombi.GDC.2013.v1_genomic.fna,206,196,55.29,158925.3,KEPT
GCA_000208925.2_JCVI_ESG2_1.0_genomic.fna,1529,1528,24.22,13635.1,KEPT
GCA_917563895.1_Assembly_1_genomic.fna,18523,1418,25.83,6876.6,KEPT
GCA_000149405.2_ASM14940v2_genomic.fna,64,56,46.75,572551.6,KEPT
GCA_000439335.1_Phyto_alni_1.0_genomic.fna,118474,37471,50.98,2614.4,KEPT
GCA_019593585.1_ASM1959358v1_genomic.fna,3279,2945,46.11,13920.6,KEPT
GCA_013375675.1_ASM1337567v1_genomic.fna,49260,8542,38.26,4934.0,KEPT
GCA_001742925.1_Okinawa_mozuku_S_1.0_genomic.fna,732,561,53.97,288416.2,KEPT
GCA_009768925.2_ASM976892v2_genomic.fna,55,55,30.73,165657.6,KEPT
GCA_020826745.1_ASM2082674v1_genomic.fna,324,286,30.72,31568.1,KEPT
GCA_013420745.1_ASM1342074v1_genomic.fna,37545,19637,39.48,2144.8,KEPT
GCA_000189635.1_JCVI-TTA1-2.2_genomic.fna,1158,1156,22.30,89107.9,KEPT
GCA_000261185.1_Tetra_therm_micronuc_V2_genomic.fna,1464,787,21.65,117854.4,KEPT
GCA_000448265.2_Phyto_kern_2.0_genomic.fna,5026,1837,50.14,19672.0,KEPT
GCA_000785725.3_NZFS3630v3_genomic.fna,2070,2069,50.34,17743.6,KEPT
GCA_000785735.3_NZFS2646v3_genomic.fna,1922,1919,50.34,19066.5,KEPT
GCA_001707905.2_PkChile2v2.0_genomic.fna,2393,2393,50.34,15964.8,KEPT
GCA_001712645.2_PkChile7v2.0_genomic.fna,2830,2829,50.95,13079.2,KEPT
GCA_001712655.1_PkChile1v1.0_genomic.fna,2422,2421,50.35,15741.5,KEPT
GCA_001712705.2_PkChile6v2.0_genomic.fna,1909,1907,50.81,19233.3,KEPT
GCA_001712715.2_PkChile4v2.0_genomic.fna,2033,2027,50.31,18421.2,KEPT
GCA_013115145.1_ASM1311514v1_genomic.fna,3544,2287,46.53,17843.0,KEPT
GCA_000165365.1_ASM16536v1_genomic.fna,9,9,34.04,927511.8,KEPT
GCA_000002725.2_ASM272v2_genomic.fna,36,36,59.72,912641.4,KEPT
GCA_916722125.1_LMJFC_annotationDEFINITIVO_genomic.fna,36,36,59.74,911044.8,KEPT
GCA_000497125.2_ASM49712v2_genomic.fna,42,42,33.84,346331.2,KEPT
GCA_000004695.1_dicty_2.7_genomic.fna,39,39,22.42,875242.4,KEPT
GCA_000006425.2_ASM642v2_genomic.fna,358,354,30.49,25176.6,KEPT
GCA_000165345.1_ASM16534v1_genomic.fna,8,8,30.16,1137790.5,KEPT
GCA_010577775.2_ASM1057777v2_genomic.fna,29989,24347,46.45,2737.8,KEPT
GCA_013375695.1_ASM1337569v1_genomic.fna,19448,2648,25.88,11921.7,KEPT
GCA_015252635.1_ASM1525263v1_genomic.fna,21900,6001,29.38,6780.8,KEPT
GCA_000286055.1_Dcit_1.0_genomic.fna,1772,411,27.51,4247.0,KEPT
GCA_000277465.1_ASM27746v1_genomic.fna,3111,2185,26.89,5410.0,KEPT
GCA_900092255.1_ASM90009225v1_genomic.fna,14005,3782,48.20,15176.0,KEPT
GCA_003667305.1_KYO_Dcav_2_genomic.fna,2180,738,28.60,19764.5,KEPT
GCA_900092275.1_ASM90009227v1_genomic.fna,13382,2595,41.30,15642.0,KEPT
GCA_900092235.1_ASM90009223v1_genomic.fna,10327,3322,54.45,17647.5,KEPT
GCA_000327425.1_Trypanosoma_cruzi-5.1.3_genomic.fna,15803,2205,50.13,4456.1,KEPT
GCA_000209125.2_JCVI_EDISG_1.0_genomic.fna,12258,4141,23.65,5750.2,KEPT
GCA_000330505.1_EIA2_v2_genomic.fna,1144,1144,29.91,35732.8,KEPT
GCA_001593265.1_ToxRH1.0_genomic.fna,441,180,50.91,372289.6,KEPT
GCA_006510595.1_ASM651059v1_genomic.fna,37909,23192,41.48,2952.5,KEPT
GCA_000142945.1_ASM14294v1_genomic.fna,4921,3532,50.05,8119.2,KEPT
GCA_000002845.2_ASM284v2_genomic.fna,138,137,57.62,234071.7,KEPT
GCA_000006405.1_JCVI_PMG_1.0_genomic.fna,17897,14603,47.11,5730.9,KEPT
GCA_021927905.1_Cten210_1.0_genomic.fna,87,87,38.82,473032.2,KEPT
GCA_000186025.2_ASM18602v2_genomic.fna,1203,360,21.94,13328.5,KEPT
GCA_000963455.1_ASM96345v1_genomic.fna,947,947,39.67,12923.9,KEPT
GCA_000143045.1_pug_genomic.fna,975,932,51.10,29930.5,KEPT
GCA_000150015.2_TGVEG_genomic.fna,1359,510,51.84,121646.9,KEPT
GCA_000002875.2_ASM287v2_genomic.fna,76,74,59.54,434059.8,KEPT
GCA_000006515.1_JCVI_cmg_v1.0_genomic.fna,84,50,28.44,184473.0,KEPT
GCA_015146095.1_ASM1514609v1_genomic.fna,77178,21232,42.99,3505.3,KEPT
GCA_000142905.1_TheTra_May2010_genomic.fna,131,99,62.94,251245.0,KEPT
GCA_002095265.1_B_xinjiang1.0_genomic.fna,215,88,43.76,94262.6,KEPT
GCA_000018645.1_ASM1864v1_genomic.fna,3,3,25.22,190624.0,KEPT
GCA_002081555.1_ASM208155v1_genomic.fna,2577,2575,42.16,15417.8,KEPT
GCA_001651215.1_ASM165121v1_genomic.fna,580,432,54.31,32311.8,KEPT
GCA_000150455.3_Plas_falc_Santa_Lucia_Salvador_I_V1_genomic.fna,247,152,21.83,4133.9,KEPT
GCA_000150415.1_ASM15041v1_genomic.fna,5011,3423,21.56,2599.9,KEPT
GCA_000150395.1_ASM15039v1_genomic.fna,4471,3021,21.26,2854.7,KEPT
GCA_000150375.1_ASM15037v1_genomic.fna,4956,2915,22.46,2497.7,KEPT
GCA_000150315.1_ASM15031v1_genomic.fna,4329,3358,20.66,2991.6,KEPT
GCA_000150295.1_ASM15029v1_genomic.fna,5856,4215,21.01,3119.6,KEPT
GCA_000582765.1_AKH_PRJEB1535_v1_genomic.fna,138,75,45.75,32975.7,KEPT
GCA_002600585.1_ASM260058v1_genomic.fna,14630,3974,49.12,17968.3,KEPT
GCA_000165395.2_ASM16539v2_genomic.fna,7,7,41.61,1175546.7,KEPT
GCA_009859145.1_Andalucia_godoyi_V16_genomic.fna,66,65,49.51,306944.9,KEPT
GCA_000149715.2_TGGT1_genomic.fna,1616,547,51.71,115035.2,KEPT
GCA_000006565.2_TGA4_genomic.fna,2266,1248,52.21,51907.4,KEPT
GCA_008632985.1_ASM863298v1_genomic.fna,597,563,48.40,160341.6,KEPT
GCA_015145745.1_ASM1514574v1_genomic.fna,16959,6411,39.12,7352.0,KEPT
GCA_000500225.2_ASM50022v2_genomic.fna,36928,9821,54.93,6285.5,KEPT
GCA_002245715.1_ASM224571v1_genomic.fna,4061,2841,46.83,8529.3,KEPT
GCA_002245725.1_ASM224572v1_genomic.fna,4387,2887,46.82,7890.9,KEPT
GCA_002245735.1_ASM224573v1_genomic.fna,4020,2756,46.85,8660.6,KEPT
GCA_003704535.1_Peff_R14_genomic.fna,880,874,47.42,34762.8,KEPT
GCA_003843895.1_ASM384389v1_genomic.fna,784,782,47.47,40891.4,KEPT
GCA_013122855.1_Hybrid7_genomic.fna,6762,3605,47.69,8448.4,KEPT
GCA_000150955.2_ASM15095v2_genomic.fna,88,72,48.37,370232.6,KEPT
GCA_000173235.2_HyaAraEmoy2_2.0_genomic.fna,3108,1046,46.34,23340.2,KEPT
GCA_004764695.1_ASM476469v1_genomic.fna,37,34,44.92,1876357.6,KEPT
GCA_004337835.1_UKCU2.v0_genomic.fna,37,5,43.48,1740.0,KEPT
GCA_000208865.2_ASM20886v2_genomic.fna,14,14,54.83,4110530.0,KEPT
GCA_000186055.2_ASM18605v2_genomic.fna,853,521,20.10,27672.9,KEPT
GCA_905221615.1_Stri_CCMP2592_genomic.fna,6245,6245,51.00,176669.5,KEPT
GCA_001314345.1_NZFS3378v2_genomic.fna,2762,2755,51.92,14537.3,KEPT
GCA_001314355.1_NZFS3448v1_genomic.fna,2768,2761,51.92,14601.4,KEPT
GCA_020283495.1_ASM2028349v1_genomic.fna,1314,643,53.44,4852.0,KEPT
GCA_002864105.1_ASM286410v1_genomic.fna,8049,5403,45.87,10561.8,KEPT
GCA_902712285.1_TODO_genomic.fna,2780,499,44.91,4503.7,KEPT
GCA_003543875.1_ASM354387v1_genomic.fna,18,18,46.23,1499537.6,KEPT
GCA_001750085.1_Fracy1_genomic.fna,271,178,37.93,297410.0,KEPT
GCA_002247145.1_Plurivora_assembly_v1.fn_genomic.fna,1897,1890,51.74,21374.8,KEPT
GCA_000698435.2_ASM69843v2_genomic.fna,4,4,32.79,170897.2,KEPT
GCA_001602025.1_ASM160202v1_genomic.fna,833,496,17.83,40646.2,KEPT
GCA_900097045.1_PGABG01_genomic.fna,96,96,18.61,222667.5,KEPT
GCA_902706625.1_Albugo_laibachii_Nc14_genomic.fna,3827,1354,44.34,23513.5,KEPT
GCA_000004825.1_PolPal_Dec2009_genomic.fna,43,43,32.07,766748.5,KEPT
GCA_002154235.1_ASM215423v1_genomic.fna,10764,6988,64.12,2241.3,KEPT
GCA_000210295.1_ASM21029v1_genomic.fna,11,11,47.09,2013462.5,KEPT
GCA_000151545.2_ASM15154v2_genomic.fna,1443,1131,57.68,30353.5,KEPT
GCA_015146115.1_ASM1514611v1_genomic.fna,46082,14470,49.74,3328.8,KEPT
GCA_001625125.1_ASM162512v1_genomic.fna,2983,2689,25.26,7690.6,KEPT
GCA_900240055.1_PGABG02_genomic.fna,44,44,18.50,475777.7,KEPT
GCA_900257145.2_Plasmodium_billcollinsi_genomic.fna,14,2,18.22,659747.0,KEPT
GCA_007210665.1_Ctyz_UGA_55_genomic.fna,11,11,29.99,819610.1,KEPT
GCA_000247585.2_PP_INRA-310_V2_genomic.fna,708,183,48.28,2825.7,KEPT
GCA_002216535.1_ASM221653v1_genomic.fna,15033,11089,54.08,5820.1,KEPT
GCA_002216565.1_ASM221656v1_genomic.fna,10059,7396,53.75,6487.4,KEPT
GCA_003568945.1_KIPB_1.0_genomic.fna,11563,7262,47.29,5330.1,KEPT
GCA_001835705.1_ASM183570v1_genomic.fna,27,27,30.82,332057.9,KEPT
GCA_001835715.1_ASM183571v1_genomic.fna,276,248,30.83,36610.4,KEPT
GCA_001865345.1_ASM186534v1_genomic.fna,39,38,30.81,236036.9,KEPT
GCA_004337805.1_ABER_UKUB1_1.0_genomic.fna,727,497,30.85,17933.2,KEPT
GCA_004337815.1_ABER_UKUB2_1.0_genomic.fna,530,376,30.82,23807.8,KEPT
GCA_000331345.1_Leishmania_major_LV39c5-1.0.1_genomic.fna,849,275,58.75,116591.2,KEPT
GCA_000250755.2_Leishmania_major_SD_75.1-1.1.1_genomic.fna,36,36,59.35,867854.2,KEPT
GCA_900088555.1_Poc1_genomic.fna,4025,4019,28.44,8584.4,KEPT
GCA_900088565.1_Poc2_genomic.fna,2227,2219,27.68,17099.0,KEPT
GCA_900088485.1_Pow1_genomic.fna,1914,1362,28.91,25907.0,KEPT
GCA_900088545.1_Pow2_genomic.fna,3484,1611,29.15,21848.2,KEPT
GCA_902602495.3_Esub_Assebmy2_genomic.fna,5286,1837,52.05,23107.3,KEPT
GCA_001861045.1_58_1_genomic.fna,2448,2448,20.05,12879.9,KEPT
GCA_902705575.1_Esub_Assebmy_complete_genomic.fna,1759,577,50.92,12455.6,KEPT
GCA_000740895.1_ASM74089v1_genomic.fna,6,5,41.60,1797238.2,KEPT
GCA_905221605.1_Snat_CCMP2548_genomic.fna,2855,2855,51.78,266767.1,KEPT
GCA_900095595.1_PPRFG01_genomic.fna,53,53,19.12,471369.7,KEPT
GCA_900097015.1_PADLG01_genomic.fna,82,82,18.63,270618.2,KEPT
GCA_900097035.1_PBLACG01_genomic.fna,97,95,17.98,229879.7,KEPT
GCA_015252675.1_ASM1525267v1_genomic.fna,38619,8511,27.28,3780.5,KEPT
GCA_000338855.1_EHA_ku27_v1_genomic.fna,1796,1661,25.04,8899.1,KEPT
GCA_000346345.1_EHA.strHM3_v1_genomic.fna,1880,1541,24.94,8236.6,KEPT
GCA_000365475.1_EHA_CA_v1_genomic.fna,1685,1680,25.18,7305.3,KEPT
GCA_000344925.1_EHA_CB_v1_genomic.fna,1938,1762,25.40,6857.2,KEPT
GCA_000315625.1_Guith1_genomic.fna,669,448,51.64,142559.7,KEPT
GCA_020283525.1_ASM2028352v1_genomic.fna,251,172,42.08,132319.9,KEPT
GCA_019693425.1_ASM1969342v1_genomic.fna,8063,3186,49.02,8792.9,KEPT
GCA_000331405.1_Trypanosoma_cruzi_JR_cl4-1.1.4_genomic.fna,15312,4775,49.64,5641.5,KEPT
GCA_000234665.4_ASM23466v4_genomic.fna,588,505,59.74,63458.4,KEPT
GCA_000224845.2_TGVAND_v2_genomic.fna,2141,324,51.10,182390.3,KEPT
GCA_000224805.2_TGRUB_v2_genomic.fna,2431,352,50.91,165050.6,KEPT
GCA_000224865.2_TGMAS1_v2_genomic.fna,2183,390,51.02,155815.2,KEPT
GCA_000224885.2_TGP89A_v02_genomic.fna,2153,335,50.90,173832.8,KEPT
GCA_000224825.2_TGCATBR9_v2_genomic.fna,2452,357,50.60,160519.1,KEPT
GCA_000256705.2_TGCAST_v2_genomic.fna,2661,402,51.04,153904.5,KEPT
GCA_000224905.2_TGFOU1v02_genomic.fna,2871,531,50.56,104836.8,KEPT
GCA_000963365.1_ASM96336v1_genomic.fna,969,969,53.99,13099.2,KEPT
GCA_000963385.1_ASM96338v1_genomic.fna,917,917,51.99,12706.0,KEPT
GCA_000743755.1_ASM74375v1_genomic.fna,1301,1002,39.76,12685.5,KEPT
GCA_000963395.1_ASM96339v1_genomic.fna,849,849,39.91,13593.6,KEPT
GCA_000963415.1_ASM96341v1_genomic.fna,879,879,43.08,17540.2,KEPT
GCA_019695575.1_ASM1969557v1_genomic.fna,7229,694,45.27,31029.5,KEPT
GCA_004335385.1_ASM433538v1_genomic.fna,2023,921,52.56,10373.7,KEPT
GCA_004565275.1_ASM456527v1_genomic.fna,196,194,54.55,143059.7,KEPT
GCA_004335465.1_ASM433546v1_genomic.fna,2572,2412,54.08,9408.1,KEPT
GCA_000320645.2_PV_Brazil_I_V1_genomic.fna,261,195,41.69,129691.7,KEPT
GCA_000320685.2_PV_N_Korean_V1_genomic.fna,542,460,39.75,58742.3,KEPT
GCA_000320665.2_PV_Mauritania_I_V1_genomic.fna,206,170,40.39,160892.5,KEPT
GCA_000521015.1_Plas_falc_Vietnam_Oak-Knoll_FVO_V1_genomic.fna,447,300,23.08,3486.3,KEPT
GCA_000521155.1_Plas_falc_FCH_4_V2_genomic.fna,405,184,23.95,2018.8,KEPT
GCA_000521055.1_Plas_falc_02000708_V1_genomic.fna,988,626,22.96,3939.8,KEPT
GCA_000521075.1_Plas_falc_NF135_5_C10_V1_genomic.fna,234,140,19.80,5049.4,KEPT
GCA_000521035.1_Plas_falc_MaliPS096_E11_V1_genomic.fna,547,301,23.82,3401.5,KEPT
GCA_000227395.2_ASM22739v2_genomic.fna,2824,2638,47.50,6545.3,KEPT
GCA_000250965.2_TGARI_v2_genomic.fna,2745,455,51.21,136596.1,KEPT
GCA_000338675.2_TGCOUG_v2_genomic.fna,4205,404,51.48,148189.7,KEPT
GCA_000231845.2_Tetra_malac_V2_genomic.fna,554,416,22.52,222901.8,KEPT
GCA_000231825.2_Tetra_elliot_V2_genomic.fna,331,278,22.69,277281.7,KEPT
GCA_000257125.1_ENU1_v1_genomic.fna,5233,2408,25.11,5402.1,KEPT
GCA_000320625.2_PV_India_VII_V2_genomic.fna,568,360,42.82,65139.0,KEPT
GCA_000240725.1_ASM24072v1_genomic.fna,1883,996,53.74,20103.2,KEPT
GCA_008000325.1_ASM800032v1_genomic.fna,10458,4765,53.15,6373.7,KEPT
GCA_008000375.1_ASM800037v1_genomic.fna,9399,4156,53.36,7356.2,KEPT
GCA_008000405.1_ASM800040v1_genomic.fna,13826,5382,53.06,5981.0,KEPT
GCA_015143685.1_ASM1514368v1_genomic.fna,29064,14851,50.42,3438.2,KEPT
GCA_015148585.1_ASM1514858v1_genomic.fna,52661,14601,52.56,1964.1,KEPT
GCA_015148565.1_ASM1514856v1_genomic.fna,53624,22442,47.13,3030.0,KEPT
GCA_000321355.1_PcynB_1.0_genomic.fna,1663,1657,38.91,13634.7,KEPT
GCA_000325525.2_TGGABGALDOM2_v2.1_genomic.fna,2511,340,51.96,181535.8,KEPT
GCA_000256725.2_TGCATPRC2_v2_genomic.fna,3064,265,51.45,232674.8,KEPT
GCA_000751395.2_P._pisi_assembly_genomic.fna,7667,7554,54.63,7762.4,KEPT
GCA_000691945.2_ASM69194v2_genomic.fna,9,9,36.16,718525.3,KEPT
GCA_001839685.2_ASM183968v2_genomic.fna,1479,1205,30.68,43836.7,KEPT
GCA_014884895.1_Tp_Lawrencei_7014_3081_v1_genomic.fna,126,92,34.13,90731.7,KEPT
GCA_000281045.1_Sap_diclina_VS20_V1_genomic.fna,390,135,56.80,3978.5,KEPT
GCA_018398765.1_ASM1839876v1_genomic.fna,5966,5866,48.96,33032.9,KEPT
GCA_001179505.1_Vbrassicaformis_genomic.fna,1064,983,57.38,73170.8,KEPT
GCA_004337795.1_ABER_CVIA_1.0_genomic.fna,479,157,30.69,57694.2,KEPT
GCA_000286095.1_ASM28609v1_genomic.fna,3,3,25.94,234284.0,KEPT
GCA_003676415.1_INRA_Pmur_1_genomic.fna,1437,1435,44.29,41476.8,KEPT
GCA_002081595.1_ACH_lane_v1_genomic.fna,3062,2403,56.85,17883.2,KEPT
GCA_000444285.2_Leishmania_aethiopica-L147-2.0.3_genomic.fna,160,155,58.85,199059.6,KEPT
GCA_000410715.1_Leishmania_tropica_L590-2.0.2_genomic.fna,448,360,58.33,61118.2,KEPT
GCA_000365225.1_Trypanosoma_cruzi_Tula_cl2-1.0.1_genomic.fna,45711,15244,52.09,1820.8,KEPT
GCA_000387445.2_pag1_scaffolds_v1_genomic.fna,1774,1051,52.70,24251.3,KEPT
GCA_000387505.2_par_scaffolds_v1_genomic.fna,10972,4978,55.95,6276.9,KEPT
GCA_000387425.2_pir_scaffolds_v1_genomic.fna,5887,4048,53.56,10198.3,KEPT
GCA_000387465.2_piw_scaffolds_v1_genomic.fna,11541,4746,54.33,6588.1,KEPT
GCA_900642245.1_sac1_genomic.fna,3892,2711,40.73,11291.4,KEPT
GCA_000387525.2_pug3_scaffolds_v1_genomic.fna,5482,2918,49.60,6549.0,KEPT
GCA_000387545.2_pve_scaffolds_v1_genomic.fna,3685,2548,58.58,12889.9,KEPT
GCA_000524495.1_Plas_inui_San_Antonio_1_V1_genomic.fna,323,161,41.60,147312.6,KEPT
GCA_000401715.2_Plas_falc_5_1_V1_genomic.fna,545,161,20.91,3754.7,KEPT
GCA_001861075.1_303_1_genomic.fna,3293,3270,20.09,9774.3,KEPT
GCA_001861135.1_309_1_genomic.fna,1634,1634,19.77,16680.1,KEPT
GCA_001861235.1_326_1_genomic.fna,3454,3453,20.20,9129.4,KEPT
GCA_001861175.1_365_1_genomic.fna,8878,7819,20.54,3642.6,KEPT
GCA_001861215.1_397_1_genomic.fna,2774,2774,20.35,13607.1,KEPT
GCA_000338815.2_SMST21v2.0_genomic.fna,5862,5785,52.94,8085.6,KEPT
GCA_000338795.2_MPF6_v2.0_genomic.fna,5864,5823,53.26,8404.8,KEPT
GCA_000318465.3_MPF4_v2.1_genomic.fna,6194,6187,52.94,7421.3,KEPT
GCA_000313135.1_Acastellanii.strNEFF_v1_genomic.fna,384,149,57.58,198311.4,KEPT
GCA_004335455.1_ASM433545v1_genomic.fna,1976,716,53.12,8616.7,KEPT
GCA_004335405.1_ASM433540v1_genomic.fna,2878,1827,53.85,9190.0,KEPT
GCA_000333875.2_ASM33387v2_genomic.fna,2245,1128,55.36,22735.4,KEPT
GCA_000507305.1_ASM50730v1_genomic.fna,21899,9072,43.12,65525.7,KEPT
GCA_004936735.2_CCh_genotype_I_genomic.fna,50,48,32.03,188578.4,KEPT
GCA_000333075.3_PhyKer238_432v3_genomic.fna,2301,2286,49.71,18585.2,KEPT
GCA_000333095.2_PhyKer629_1v2_genomic.fna,2305,2292,49.69,18750.8,KEPT
GCA_000333115.2_PhyKer844_4v2_genomic.fna,2373,2357,49.69,18205.6,KEPT
GCA_000340495.1_Leishmania_panamensis_L13-1.3.1_genomic.fna,952,556,57.14,55415.7,KEPT
GCA_000340355.2_Leishmania_braziliensis_M2903-1.0.6_genomic.fna,744,100,52.87,18443.8,KEPT
GCA_000409445.2_Leishmania_MAR_LEM2494-1.0.3_genomic.fna,251,247,59.15,124581.3,KEPT
GCA_001235845.1_ASM123584v1_genomic.fna,693,336,46.88,24021.0,KEPT
GCA_000505035.1_Plas_yoel_17X_V2_genomic.fna,130,66,21.50,301955.5,KEPT
GCA_001314425.1_LC9-1v2_genomic.fna,4221,4218,54.15,12711.9,KEPT
GCA_001314455.1_NZFS3000v2_genomic.fna,5397,5394,54.17,9776.1,KEPT
GCA_001870945.1_ASM187094v1_genomic.fna,293,221,51.87,23646.3,KEPT
GCA_001543975.1_G_duodenalis_AssB_BAH15c1_genomic.fna,508,475,46.76,21818.3,KEPT
GCA_000787575.2_Asub_2.0_genomic.fna,106,106,44.19,292480.8,KEPT
GCA_905178165.1_a25_v1_genomic.fna,597,512,46.91,216695.8,KEPT
GCA_002980425.1_ASM298042v1_genomic.fna,10613,7868,51.04,5622.9,KEPT
GCA_020509355.1_ASM2050935v1_genomic.fna,545,461,54.64,45945.7,KEPT
GCA_002921335.1_ASM292133v1_genomic.fna,2188,816,59.29,8635.8,KEPT
GCA_008271595.1_ASM827159v1_genomic.fna,4434,2959,59.34,16619.5,KEPT
GCA_002217885.1_Fsol_1.0_genomic.fna,295,272,45.59,180811.2,KEPT
GCA_905221635.1_Slin_CCMP2456_genomic.fna,37772,33922,49.74,20134.2,KEPT
GCA_000963465.1_ASM96346v1_genomic.fna,871,871,43.00,13449.9,KEPT
GCA_000342415.1_JCVI-bewag-v1.1_genomic.fna,12,12,39.48,972873.2,KEPT
GCA_003297005.1_SymA_ver_1.0_genomic.fna,16176,11052,50.00,66564.9,KEPT
GCA_003297045.1_SymC_ver_1.0_genomic.fna,6576,3503,43.64,158660.8,KEPT
GCA_000818945.1_ASM81894v1_genomic.fna,322,266,55.86,140069.0,KEPT
GCA_020536535.1_ASM2053653v1_genomic.fna,5337,3002,46.32,16903.1,KEPT
GCA_017916325.1_LU_Lmar_1.0_genomic.fna,42,42,59.85,771754.0,KEPT
GCA_002216525.1_ASM221652v1_genomic.fna,5924,3645,54.71,6982.9,KEPT
GCA_002216625.1_ASM221662v1_genomic.fna,6029,3708,54.75,6920.3,KEPT
GCA_905231915.1_Snec_CCMP2469_genomic.fna,104583,98051,50.64,7692.6,KEPT
GCA_001600475.1_JCM_30513_assembly_v001_genomic.fna,310,240,44.65,112993.3,KEPT
GCA_001600495.1_JCM_30514_assembly_v001_genomic.fna,280,226,44.66,127543.5,KEPT
GCA_001314435.1_NZFS3772v2_genomic.fna,3701,3696,52.56,10101.3,KEPT
GCA_001314445.1_NZFS3770v2_genomic.fna,3689,3685,52.56,10104.5,KEPT
GCA_001655205.1_ASM165520v1_genomic.fna,11727,4126,39.97,7399.0,KEPT
GCA_001724265.1_ASM172426v1_genomic.fna,714,714,61.88,48902.6,KEPT
GCA_001314375.1_NZFS3642v1_genomic.fna,4314,4307,51.58,12902.8,KEPT
GCA_001314925.1_NZFS3727v2_genomic.fna,6026,6024,51.58,9113.8,KEPT
GCA_012295415.1_MU_Pchl_genomic.fna,4078,4078,55.60,11109.2,KEPT
GCA_006503475.1_ASM650347v1_genomic.fna,794,794,34.57,57359.0,KEPT
GCA_012489335.1_Parmale_b_g1_genomic.fna,902,612,49.88,65089.0,KEPT
GCA_900128395.1_TOSAG23-2_genomic.fna,9146,4784,32.54,6181.7,KEPT
GCA_900128575.1_TOSAG41-1_genomic.fna,9021,5044,40.50,5341.4,KEPT
GCA_900128585.1_TOSAG23-3_genomic.fna,7088,4600,44.76,5792.2,KEPT
GCA_900128565.1_TOSAG23-6_genomic.fna,6236,3591,34.18,5146.8,KEPT
GCA_001462505.1_ASM146250v1_genomic.fna,1847,405,60.28,14633.3,KEPT
GCA_004764655.1_pasteur_ecto_instagraal_genomic.fna,793,668,52.42,290078.6,KEPT
GCA_019188245.1_ASM1918824v1_genomic.fna,1025,826,62.70,38713.1,KEPT
GCA_015143705.1_ASM1514370v1_genomic.fna,50357,15916,53.11,3989.4,KEPT
GCA_015143735.1_ASM1514373v1_genomic.fna,77333,33069,45.80,2553.8,KEPT
GCA_015144975.1_ASM1514497v1_genomic.fna,15298,7445,31.91,7006.4,KEPT
GCA_015144965.1_ASM1514496v1_genomic.fna,35399,19159,50.82,3694.4,KEPT
GCA_001766655.1_ASM176665v1_genomic.fna,96,87,47.83,194828.3,KEPT
GCA_009731375.1_PmicroMYN1_1.0_genomic.fna,8278,2866,46.98,4394.9,KEPT
GCA_003116975.1_Auran_KH105_1.0_genomic.fna,512,500,57.11,153455.2,KEPT
GCA_003671325.1_LVH60_genomic.fna,5220,4030,57.15,13252.5,KEPT
GCA_003671345.1_LVH60a_genomic.fna,5154,4063,57.17,13324.9,KEPT
GCA_016642125.1_ASM1664212v1_genomic.fna,5382,4077,57.11,12738.7,KEPT
GCA_016642145.1_ASM1664214v1_genomic.fna,5196,4015,57.14,13293.0,KEPT
GCA_016643115.1_ASM1664311v1_genomic.fna,20763,10143,56.99,6991.0,KEPT
GCA_016642365.1_ASM1664236v1_genomic.fna,5265,4031,57.17,13198.2,KEPT
GCA_013372465.1_Nitz4_genomic.fna,992,826,47.99,32822.7,KEPT
GCA_904066255.1_OTUx.scaffolds_genomic.fna,16072,7080,49.17,5439.7,KEPT
GCA_904066245.1_OTUy.scaffolds_genomic.fna,40800,14005,50.55,3136.3,KEPT
GCA_004335955.1_ASM433595v1_genomic.fna,6590,6568,51.33,3115.3,KEPT
GCA_004335815.1_ASM433581v1_genomic.fna,55067,17648,45.92,1992.7,KEPT
GCA_019693415.1_ASM1969341v1_genomic.fna,1904,868,53.50,20530.5,KEPT
GCA_010367165.1_ASM1036716v1_genomic.fna,2471,2447,44.92,15367.0,KEPT
GCA_010367175.1_ASM1036717v1_genomic.fna,3283,3265,44.85,6412.5,KEPT
GCA_013299085.1_ASM1329908v1_genomic.fna,6401,6401,46.05,6465.6,KEPT
GCA_020048535.1_ASM2004853v1_genomic.fna,1893,1893,43.18,10456.9,KEPT
GCA_020048575.1_ASM2004857v1_genomic.fna,2041,2041,37.99,11548.2,KEPT
GCA_004332575.1_ASM433257v1_genomic.fna,15340,6617,45.20,8260.1,KEPT
GCA_905178155.1_a120_v1_genomic.fna,401,342,50.68,329784.0,KEPT
GCA_017916335.1_LU_Lori_1.0_genomic.fna,98,74,59.71,461868.4,KEPT
GCA_002897355.1_Aurantiochytrium_FCC1311_v1_genomic.fna,2232,676,56.82,56380.1,KEPT
GCA_014084085.1_ASM1408408v1_genomic.fna,2232,676,56.82,56380.1,KEPT
GCA_001712635.2_PfChile5v2.0_genomic.fna,11901,11899,57.10,7096.7,KEPT
GCA_018873745.1_NZ4037v1_genomic.fna,3750,3743,50.93,13505.2,KEPT
GCA_902459845.2_HEP1_genomic.fna,2441,1984,21.96,9899.3,KEPT
GCA_012862575.1_Pari_assembly01_genomic.fna,360,342,50.81,126469.2,KEPT
GCA_013306675.1_ASM1330667v1_genomic.fna,2074,671,66.38,56886.9,KEPT
GCA_017918235.1_LU_Pher_1.0_genomic.fna,74,70,56.02,499363.2,KEPT
GCA_019345635.1_Porcisia_hertigi_TCC260_version1_genomic.fna,2446,1867,55.67,15374.4,KEPT
GCA_018683835.1_OSU_Pdea_TCC258_v1_genomic.fna,2820,1808,55.34,15905.7,KEPT
GCA_015657535.1_ASM1565753v1_genomic.fna,2152,2128,36.32,28069.7,KEPT
GCA_017918225.1_LU_LNam_1.0_genomic.fna,67,62,59.53,550245.8,KEPT
GCA_017918215.1_LU_Lgha_1.0_genomic.fna,116,105,59.67,342339.0,KEPT
GCA_019968985.2_MNHN_PgigB_v1.1_genomic.fna,918,916,54.27,9846.8,KEPT
GCA_019968955.1_MNHN_PgigA_v1_genomic.fna,787,787,54.24,11197.8,KEPT
GCA_904066265.1_OTUz.scaffolds_genomic.fna,27925,10371,49.36,4130.6,KEPT
